;BasalSquamous;Luminal;LuminalInfiltrated;LuminalPapillary;Neuronal
BOLA2;0.00756254745911866;0.000341048343475609;0;0;0
SCAND1;0.00354512697227818;0.0133701360749407;0.00655221088112928;0.00444077865381828;0.00437695498442778
TCEB2;0.0489487523126383;0.00852132794780141;0.00278052092556666;0.00031470608790955;0.00328783105509272
ZNF593;0.0446190164489463;0.0388168751790608;0.00462719254689695;0.00897355943788345;0.0156429058467012
POLR2I;0.0161688175099131;0.022636013178284;0.00798490194363503;0.00179307954693937;0
PPAN;0.0576890215743063;0.00896650900050198;0;0.00428060236275079;0.0209052080344868
NME2;0.114057074214878;0;0;0.0146163861920813;0
ZNF444;0.00937852354821622;0.00380696663074129;0.020570645535454;0.0183130230434723;0.00265510061563393
HDAC10;0.00456357955761971;0.00750976329438916;0.0507209897942018;0.00068398924276305;0.00693638252702809
ANKS3;0.0156533572258742;0.0368256813447935;0.0191378888658838;0.00436763063953255;0.00611401390694723
ZNF337;0.0100439999023052;0.000567575058877867;0.00115236401755977;0;7.13348501874021e-05
NOTCH4;0.0397544148308226;0.0148455693317858;0.0116954730001012;0.00960895196305096;0.0064863684128262
NR2F6;0.0054789114545422;0;0.0324038457261476;0.0161617127748968;0.0114150813379788
IRF9;0.0134326295988301;0.00365184851245071;0.007195016428721;0.00344354675918497;0.00348555735853845
SPOCD1;0.10352977317297;0.00931766075242618;0.0216846770044551;0;0.000609674499992648
TGFB1I1;0.000135220531586098;0.00732354836117994;0.0221184696540663;0.00755568420672707;0.00135859489464449
ZNF469;0.00196715624873268;0.00408884737180615;0.0418278207198119;0.00793406479797711;0.00917968340829135
MEIS3;0.000503204879183107;0.000786541661698977;0.00685266385610527;0.000522098518661878;0.000332827371215697
GLIS1;0.00104388169107995;0.00157094475890647;0.0138851535666496;0.000768772689153895;0.000516111185954041
PTRF;0.0363771823077525;0.123999819511528;0.145645715033611;0.0699500827836071;0.0694136586987768
TWIST2;0.000254840765368438;0.00741822107112567;0.00364778380128089;2.779631847981e-05;0.0220935059788383
GLI2;0.00222695791340171;0;0.00138290678232507;0.00081650604129639;0
HIC1;0.0013903953730957;0.00582294667515245;0.000156134344481684;9.91734132226854e-05;0.00192468180971439
TCF21;3.02476970133439e-05;0.0143392413902556;0.0108749897025865;0.0121517464123516;0.0156866157965793
TCF7L1;0.000558327115627081;0.00314089256528082;0.0126897325438042;0;0.00293729714100141
MSC;0.00529709996481735;0;0.00884561345274677;2.00895189904192e-05;0
AEBP1;0.0947096766851467;0.0877094705405579;0.101436555240294;0.00607941210842487;0.0293299971985635
PRRX2;0.0103235358569988;0.000920302567528632;0.00929055047137909;0.00151823075767978;0
ZFPM2;0.00663251855343848;0.00605829317867723;0.0297288718772912;0.00374112306783763;0.00390759694565991
NAP1L3;0.000319617520948004;0.0046660507884109;0.0048157261482471;6.3011723950063e-06;0.0010387916924255
HAND2;0.0214474869392588;0.00332842776231232;0.00718262935583477;0.00617857922373945;0.0441478198037257
GLIS2;0.00689008793808367;0.00458793126070591;0.00207646431358545;8.69356905192567e-05;0.00286265709401643
CSDC2;0.118602993761957;0.0876344908071139;0.079780044011192;2.51020746316878e-05;0.0964730120512514
PRRX1;0.102205557626463;0.124603841847972;0.055434427826216;0.0425894232164601;0.174166743516089
TWIST1;0.0214304791769215;0.00736471008380775;0.0256980767985168;0.000223634096631815;0.0179481295115596
TRPS1;0.0291192466472433;0.0252566853449277;0.0278190706710506;0.00172685140518994;0.0352855645727605
ZNF195;0.000574498722023554;0.0268188190357038;0.0182967819430613;0.0011321292590843;0
ZNF443;0.00435555129515419;0.10663827464287;0.281706683000336;0.0148964554741189;0.16452980545132
CRAMP1L;0.00124789162138676;0.00205023835600328;0.0089525846944899;0.0015492136398304;0.00232284423607561
ZNF84;0.00341727815649617;0.0034758762502343;0.0813157648599703;0.00298068902901419;0.000156344543925093
ZKSCAN1;0.00487997257186157;0.0292715129183055;0.00597217670211019;0.0129596147741273;0
RUNX3;0.0288850915688246;0.114684867461083;0.0211085747477846;0.000719595112309605;0.0404325836827274
SPI1;0.00815074049701079;0.060522509499725;0.061916872636251;0.107281044502593;0.0367012560044789
CIITA;0.0081627223312965;0;0.0127060655859821;0.00638656753449392;0.00983923476822419
MNDA;0.021661492037875;0.030898775890569;0.146672048164397;0.000695737583151882;0.0244924238693331
IRF8;0.0323797061847922;0.0385112221587578;0.0158059929139197;0.0372085113010393;0.0103286594485467
TFEC;0.000633595715492911;0.0112721358532367;0.0415335658185161;0.0206004732600519;0
FOXP3;0.0263873355590374;0;0.00749442231787803;0.000232126215782317;0
HES2;0.00237603690526513;0.0954296278764055;0.111527502749277;0.0117123898360427;0.0542986602418586
DRAP1;0.0300404477489517;0.0129762275453937;0;0.004536545406425;0
ZNF688;0.00875908525499561;0.0109399844670209;0.0224414828947908;0.00542506313489002;0.00877823535569376
GLI4;0.00884203207819236;0.0121009508325243;0.0121891229743123;0;0.00684843797901674
TBX21;0.00226671265275253;0.0247334519099245;0;0.00504047230217302;0.00745833089443753
IRF4;0.00212131923934914;0.00697863973913868;0.0245374028280095;0.00754384627274017;0.0605896944981282
SLA2;0.0128722634985425;0;0.0129281959331728;0.00881208459589139;0.0188188517428318
VENTX;0.0045908665000967;0.0303571310795647;0.0250548291972986;0.00292797214445467;0.00474835611775
BACH2;7.75288965172283e-07;0.00119397833528149;0.0101218564576916;0;0
STAT4;0.0107792751695779;0.000157365679513496;0.036400780207012;0.00534257520342977;0.00793610729352463
FLI1;0.00137718663427529;0.0246092220176178;0;0.00679281490026517;0.000484631931197195
EOMES;0.00457470654192134;0.0193720720880217;0.00499009750087576;0.00165851324135476;0.0300310360628276
MXD3;0.00820171078320571;0.0024152520431069;0.00116072805348062;0.004607727714593;0.00953608307253768
JRK;0.00216837847202831;0.0148581340657921;0.00410357216481689;0.000429936056218349;0.00244578027963965
SPIB;0.00157437013023724;0.000516596658811622;0;0.00129563765085969;0.0015346865185284
BIN1;0.000723229875105687;0.00935483848606308;0.0229121888530265;0.015840326013322;0.0202623075424333
ETV1;0.00234275457276499;0.0019525725202063;0.000508177682413391;0.00402555875585497;0.00557389811667228
PGR;1.38252255465711e-05;6.29604810474688e-05;0;0;0
FOXF1;0.00685688488958552;0.000843499860941119;0.00608330992640131;0.00130640716385057;0.00103392583747803
TCF4;0.00165466806406732;0.0015124858662988;0.0114607251224057;0.00175960258633638;0
GTF2I;0.00424475816009663;0.0022382274678176;0.00366065608085956;0.000603745690450138;0.00322299045148325
GTF2H3;0.00177314392622346;0.0189301657359106;0.0436585076372382;0.00200670115156082;0
ZNF281;0.0107497416452939;0.0031793315976749;0.00330814904432982;0.00169319536536789;0
NCOR1;0.00196024467784785;0.00726782148707446;3.88804072391221e-05;0.00233869469523018;0.000388899845673286
ZNF430;0.0181520875510919;0.00132354492393338;0.00343328931711789;0.000708065693793663;0
GTF3C4;0.00371937213467068;0.00413386260950635;0.00486671679709514;0.00643389697501535;0.010176891668595
TMF1;0.0138244862518402;0.000409222683822727;0.00955229188940344;0.000276894179834103;0.000924220437780268
SHPRH;0.000267010277622117;0.0090439800874528;0.0020586288557464;0.000230305553474123;0.0044479582197081
BRPF3;0.00681151527076091;0.00289682304408796;0.00120967734805945;0.000268336487747271;0
AFF4;0.00207512172921272;0;0.000772247681939257;0;0.00144787659357509
NCOA2;0.00364691546938216;0.00984197550497324;0.00781930934584961;0.00185735410246936;0.00260309644501418
CLOCK;0.00897918535348186;0.00384451926002722;0.00501827631777382;0.00270383096475592;0.035840582746375
ATF2;0.0054529671135897;0.00431771533965312;0.000316299647895306;0.000896358367373393;0.0066417354440131
EPC1;0.00642449333043945;0.000334955501243982;0.000870627900530414;0.00331716399825206;0.00129601824235332
GTF2A1;0.00384675840937676;0.0181432812622868;0.0455297596807453;0.00309493689105013;0.0539605665851415
REL;0.00230019689598408;0.00397608687731521;0.00496107734945732;0.00240251180261667;9.16868905021883e-05
ETV3;0.00283309661178088;0;0.000836805875065677;0.000787931367438665;0.00414251801411158
ATF7IP;0.0338447553566159;0.00303279771437615;0.00222510670356637;0.00012825276542778;0.00127284184983022
NFATC2;0.0234936629741717;0.000276684031768266;0;0;0.000624395575863265
APC;0.000343021458084323;0;0.00278765944336494;0.00561312881393318;0.0101228776011748
ASH1L;0.0053352751450089;0;0.0318664752897745;0.00176145241341606;0.00576183127764073
ZNF641;0.00375688619354786;0.00238006052115639;0.00114421621563063;4.21076863713337e-05;0.00183319745694596
GATA6;5.85272543577335e-05;0;7.65674654690932e-06;0.000698370907084116;0
ZNF551;0.018646204030078;0.000426779708264946;0.001002478005383;0;0.00183824973973089
ZBTB39;0.0017189195225585;0;0.00053084112167501;0.000136315951120663;0.00145807440584722
ZNF234;0.000359384277328417;0.000264012675065225;0;0.000230724104310785;0.000437236290265495
ZNF81;0.000171421480054858;5.68035281354272e-05;0.00102800957930974;0.000431407086512044;0.00271493170700865
TOB1;0.00191627797317488;0.0281720678873503;0.0393615426658845;0.0134508730736637;0.000283616522359648
TSHZ3;7.31808365895695e-05;0.00131502317440746;0.00782843845823405;0.000160772291822515;0
SNAI1;0.00207311976278422;0.00363030387458045;0.00372033749453653;0.000148881062189412;0.0554671729922486
SOX17;0.00456515961478899;0.00394428124490442;0.0303260905805165;0.000123311069508486;0.0119693747374316
HEYL;0.00130998430737315;0.00301445149902585;0.00371760136992732;0.00801978255438711;0.000995816213261828
BCL6B;0.00337583602593402;0.00231701869191432;0.0163352754531074;0.00518666266513774;0.0157854904170841
KLF2;9.10739977807269e-05;0.0334880355838783;0.00546639702617918;0.00894016783385365;0.00194932102599438
MEF2C;0.000511858728162208;0.00348359707737016;0.0110635036152011;0.0175096797736662;0.0404639007323298
LEF1;3.97332599374891e-05;0.000878836780066581;3.41877477265821e-05;3.67631935702099e-05;0.000293074098805716
ERG;0.0334927765708839;0.000849448948753564;0.01495322711344;0.00136187856089469;0.0176851515640513
LDB2;0.0015283800841292;0.0110533270886034;0.0108374547133963;0.0216919487382672;0.0451344648567834
APBB2;0.000198639654735008;0.000310069897341995;0.00374383410488413;0.000192318118198509;0.00235046743411917
MEOX2;0.00118967915515032;0.0001253744121476;0.000199526635788393;4.65932932817062e-05;0
KLF9;0.000239406518792611;0.000834074135922438;0.00583398754635077;0.0015530058171993;0
LZTS1;0.00219143534038951;0.00305110853683752;0.00342145844273085;0.00490251384083513;0.000708174074994316
MITF;0.00785818754439672;0.000586770661232887;0.0014561429509008;0.00303700152203112;0.00302085300823631
NFIX;0.000151908173246697;0;0;0;0.000163166402926996
WWTR1;0.00100257833061814;0.00205016952487431;0.00757986021386433;0.000851699752372157;0.00256922998132719
MKX;6.40504164622091e-05;0.00162678819234966;0;0.000190943615611247;0.00277706638099409
MLXIP;1.34124382532668e-05;0.00436854948582379;0.00413893437925404;0.00047916707452392;0.00564743735276879
EGR2;0.000911271976094647;0.000963697909544802;0.00894803160917442;0.000150013911667786;0.00083948424990687
EGR3;0.000840306407517274;0.000272129691765901;0.000732046195629953;0.00131824070568111;0.000183812920334618
RUNX1T1;0.00630064924221095;0.000173422458728214;6.34158692194396e-05;0.0356404824742872;0.000234502632727411
SETBP1;0.0106769894753874;0.000363939155764429;0.00156791638256956;0;0
MYBL2;0.00328582854624307;0.000551122826505579;0.000137578663452918;0.000526647848203438;0.0142300500704945
MCM7;0.00242502249349877;0.00560382693082009;0.00779175867592722;3.08743308895597e-05;0
FOXM1;0.00278876562670032;0.00144548618424019;0.000523463024534326;0.000641756795030298;0
ESPL1;0.00603929441379146;0.000424368712728541;0.00785452528390554;0.000329076294742326;0.00188026546692666
HMGB2;0.0089277321029864;0.000999629462783066;0.00956573797737877;0.00403596715506169;0.00267273319062531
EZH2;0.00452101120703777;0.0242648014035585;0.017574083698686;0.000259791402942067;0.000144792830609031
MCM6;0.00172039455778951;0.000552151638288489;0.00270763576791108;0.000589875004487844;0
TIMELESS;0.00542473449337755;0.00167253995373994;0.00721025054101093;0.000738559286627227;0.000109730636492881
WDHD1;0.0158238760952949;0.00346833734030918;0.00563512818211466;0.000376970967100759;0.0137407238172859
WHSC1;0.0252304397010874;0.00268177849148227;0.00534933709972986;0.00415826499483668;0.00783144992999475
LYL1;0.000238233273851166;0;0.0157751308055953;0.00157030698607412;0.00832665718826897
MEOX1;0.00289018871241524;0.0131502946443898;0.00633113095128429;0.00690605421670998;0
TRIM22;0.0048461000132096;0.00825679413275481;0.0376119161865318;0.00800137739185888;0.00561714930451749
TOX;0.000117293997845194;0.000276144464616204;0.000194947279588251;0.00653391321635566;0.00330099314663029
ZBTB7B;0.000983739380733921;0;0.00411162467780317;0.00816286524201158;0
MTF1;0.00931483909375119;0;0.00377075991694295;0.00422596109133121;0
ZNF92;0.0103725617454058;0.00419547126144775;0.00615357290961926;0.00163310131764928;0.000693560993340618
HEY2;0.00368652726200369;0.0010110550064684;0.00688968896623678;0.00291605299858476;0.00123257039442276
IRF1;0.00723699855665626;0.00147163419869186;0.0402533550427804;0.00961273305197489;0.0170845251439882
ZNF169;0.0113751086900263;0.00112644166012964;0.00153610841018475;0.00175941956044025;0.000455785029804081
TRIM31;0.00518302453165925;0.0119926119060704;0.00918937348469507;0.000831470117119895;5.93338349161933e-05
TBX6;0.000529281829707222;0.0403404979219934;0.015428693853024;0.00629248207231218;0.00238396579879088
SMAD3;0.000949834590615125;0.00109165294298824;0.00215438786198617;0.00101843922286241;0.00119065296109122
FHL5;0.00055556690160806;0.000886104627379488;0.00103808345481366;0.00363432495647324;0.00585738621000723
EBF3;0.000184325746904219;0.000182143648841503;0.000970529485351915;0.00297737046462457;0.00548044576931094
NFXL1;0.000161399919382191;0.0167115108802896;0.0090899440024239;0;0.000704370922651336
ZNF431;0.00859504467980949;6.50411532667282e-05;0.0042334930493835;0.000718205570658312;8.29592690574509e-05
ZNF236;0.000630722366843004;0.000599130143993749;0.00109380250087426;0.00104235333209782;0.0089617810958593
POLR1B;0.00388651244049058;0.00579609914966794;0.00184830656897275;0.0104697678958711;0.00769120826576202
BTAF1;0.000669551085970929;0.0167833097880093;0.00208262493909946;4.24849337946794e-05;0
ZBTB26;0.00349779567284011;0.000656888765054814;0.00062111808852061;2.62909470164076e-05;0.00798914803820845
NR2C2;0.00629016233968816;8.35746996253332e-05;0;0;0
ZNF518A;0.00393618360272181;0.0237118361471389;0.0157395732851701;0.0124187190740007;0.0232069456284629
ZNF587;0.00891814504258216;0.00974437221529618;0;0.000550172208531987;0
ZSCAN23;0.0252065359024499;0.00124546612123212;0;0.000430704656545492;0
BRCA1;0.00148287478554736;0.00244045780765303;0.00421932199786856;0.00245338903243408;0.00351004063173088
DEK;0.00849038822410308;0.0105229526097247;0.0267909641116543;0.00249799798692992;0.0212302278249082
SUV39H2;0.000532022570699166;0.00112850921460695;0.00444009598059858;0.00128823174061199;0
MCM8;0.000594158652834252;0.0017730422352944;9.9353646324269e-06;0.00120273816549533;0.00017568971035499
KNTC1;0.000106980002774134;0.00479983536876199;0.00246155669422059;0.00667187492201846;0.000685751707124951
DNMT1;0.00170825376085314;0.0458227548315828;0.16361459065252;0.0108305196720355;0.0504398117698543
BRCA2;0.0106683496212447;0;0.00591552121960842;0.00062850851639196;0
BARD1;0.00835068413347806;0.00105000810902371;0;0.00155967956704361;0.00443603686702866
BRIP1;0.00113709900185852;0.00484280733755163;0.0109192907127833;0.00210177303370348;0.000809919601440657
RBL1;0.0292621135857534;0.00106774390434915;0.000600573203784351;0.000911861561087153;0.0320710410255827
MCM4;0.085115747829866;0.0157996049110282;0.0121101089209542;0.000813286130061187;0.00307842323056661
HCLS1;0.0064054347485735;0.0155750838507009;0.0314854648069726;0.00382393145235351;0.00523819648798806
NFKBIA;0.00086028151182765;0.000457595069682554;0.000577908588779893;0.000833679208814543;0.000496936762162364
NFKBIZ;0.000492179586644655;0.000978421418418388;0.00185403535754657;0.00165747046228814;3.33120126352051e-18
RAD51;0.000846837967670783;0.00151203915463061;0.0108151527603573;0.00056090213438995;0
ZNF695;0.0212188830430376;0.000791350755903325;0.00445540598405199;0.00298026438361078;0.000644192773475861
PTTG1;0.021176349921033;0.0368511544568744;0.00836929396064247;0.00471937135159488;0.0234420196987889
E2F2;1.41886787042319e-05;4.60168075628385e-05;0.000200228141445137;1.16120172050448e-05;2.99328605599124e-05
E2F1;0.00164096552916259;0.00114824024253444;0.00479004800086002;0.00119491344364929;0.00240852853353179
TRIP13;0.0143696004088422;0.000248685958835912;0.000845279032035435;0.000451702014822304;0.0129254852355689
MCM5;0.0126388468526488;0.000741217026531133;0.00206688976997294;0.000831260986873846;0.0032443881922397
CHAF1A;0.000358738399395682;0.000588273700808783;0.00380689595734153;0.000363997411204024;0
TAF13;0.000583699166883784;0.000247827114907842;0.000588518376204973;0.00238533921115681;0
ELK3;0.0321425188198488;0.00194227144776245;0.020282606245276;0.00824756741821934;0.00756952328739991
TAF1L;0.00603055659035353;0;1.95461371771594e-05;0.000237135565230632;7.91833533738961e-06
ZNF366;0.00182592426722606;0.002214886315136;0.00297610374638573;0.00171393829416228;0.00202389709948097
HDAC4;0.000654883301479048;0;0.00112203383671486;0;0
TAL1;2.11241639171285e-05;0.000694821405883632;0.0016311679269707;0.00133882109226729;0.000747040255836468
HMGN2;0.00092885805275299;0.00129071504181361;0.00319872911419945;0.000503221264452624;0.0126298404907273
FOSL1;0.0040702562668687;0.0100956921595838;0.0186711925486746;0.00524830965715202;0.00604572190382514
ELF1;0.00922483248371487;0.0109317171772483;0.00507146482819089;0.00585181279983568;0.00108101215337357
MKL2;0.00371614934693049;0.00121867371768185;0.00803541725301357;0.00113218370229318;0
ZNF397;0.0115881023816793;0.00377297264439493;0.0135135135135135;0.00912434069039114;0.0014229570692441
XRCC3;0.00306729012170154;0.00259711845775962;6.72938279288101e-05;0.000980877953568104;0.000217061905512214
TAF1;0.00105205529580323;0;0.00328231611127908;3.2951594522351e-05;0
GLI1;0.000238881555248835;9.00738635466269e-05;0;0;0
KLF3;0.0479846986511343;0;0.0207995065524518;0;0.0122163774500804
ZNF292;0.000666558413944647;0;0.000700083830600007;0.00136556278388791;0
BDP1;4.3241088292516e-05;0;0;0.00103539191524333;0
ZNF121;0.0116231177166863;0.000689999244877662;0.00105466531599796;0.00306859656609257;0.00169838246021938
ZNF507;0.00724350323263842;0.000220754003630308;0;0.00365991927125405;0.00145439043319307
ZDHHC21;0.000250025466779211;0.0297147146704046;0.0012739329441261;0.00259184598779408;0
ZNF41;0.00112751194846274;0.00119995787679869;0.00569446916514811;0.00621013732004311;0
ZBTB43;0.00207961975573632;0;0.00100412791074078;0.00164232277235953;0
ELK4;0.0241486536164902;0.000295405789454298;0.00148181310206375;0.000245535742747254;0.00593945889939085
TTF2;0.00325529160788858;0.00160826603486643;0.0021341586941139;0.00193737183210373;0.000324376111881227
ZNF131;0.00486915809778951;0;0.00143690526689151;0.00664988979072346;0
E2F7;3.13665937373507e-05;0.001442835462524;0.0147653278111019;0.00255424362018542;0.00409663611745636
TFDP1;0.000970252246775969;0;0.0179205985530746;0.0110973012642807;0.0371273023602582
ASCC3;0.00786828602346675;0.00441577214137837;0.00145030685538297;0.00345396380414023;0
ZNF689;0.0162138130121567;0.0106256159743185;0.000879407914172877;0.000184080334379995;0.0085698431215078
JMJD1C;0.00462274008767065;0.00323710567424547;0.00171525725472749;0.00570573029408211;0.0105414859657522
AFF3;4.66503743759554e-05;0.00103093995396707;0.000589077631784034;0.000199767302687969;0.00174708929819117
NR4A3;0.00233055782020781;0.000558615356728229;0.000169600747304451;0.000542955015197319;0.000543986213559254
APBB1;0.013686870298569;0.00959780407449942;0.0107701275615306;0.0052189073548838;0.000521552048370013
MYOCD;0.00207579390466356;0.00434229614046584;0.00278784040054604;0.0328951080176796;0.0131096573936178
ZBTB16;0.000150347160669741;0.000115896478235537;0;0.000132693800374751;0
STAT1;0.00137693678728465;0.0157536213370172;0.176046331938921;0.00829960866140725;0.131238287530631
SP110;0.00031009413489107;0.00471761047696305;0.021236309188197;0.00422492279741856;0.00516062991794762
SP100;0.00285148914787268;0.00106142544279702;5.4444051241281e-05;9.59443808361409e-05;0.00106026533264106
ZNFX1;0.00166574459224913;0.00197261678128891;0.00158290788762939;0.000427730916602464;0
NR5A2;0.00251594684471015;0.00180328839021572;0.00424793129192936;0.000643946340084727;0.00195814887216595
EGR1;0.00165658181177259;0.00148611240247347;0.00525624467763288;0.00147957849928231;0.00112607759561846
ZNF160;0.00010608404623496;0;0.000216073343798084;0.000266182306465417;6.72795352670287e-06
RBL2;0.00380903377206489;0.0138886565860246;0.000833767776801839;0.00166992040112375;0
PHF8;0.00142552964902705;0.00174030065605512;0.00878898464619801;0.000182590556811187;0
ZNF519;0.00135523854359064;0.00633128509776194;0.0159542020815534;0.00234746976067883;0.000217036122501595
ZNF254;0.000601289939656013;5.50237959911084e-05;2.85275417573297e-05;0;0.000203437629090498
ZNF124;0.00323594861924534;0.00354172542951222;0.00448281981242202;0.0276621427618217;0
IFI16;0.00472925600952958;0.0150265225486133;0.00152351654835038;0.0175685175161079;0.00323956828901773
NR3C1;0.0012251339152257;0;0.0125625145707611;0.000474107702519085;0.00972792975194507
KLF12;0.00168026970859294;0;0.000345540419942178;8.31740301168162e-05;0.00164439510320389
DAB2;0.00626371456229666;0.00362391565178829;0.004814733236353;0.000641232169466261;0
NCOA3;0.00132651232212369;0;0;0;0.0103836157730385
TRIM25;0.00350034546373503;0;0;0;0.00117083815449285
SP140;0.000288748395045194;0.00287329699414963;0.000113101962492127;0.00449773144655101;0.000790396489266036
NFATC1;0.00207463492837993;6.56503029120793e-05;0.00317430276260007;0.000131725621316305;0.000236195774164717
WHSC1L1;0.013519138312664;0.0021255557079568;0.00188639890525281;0.00492192426537141;7.30956427125681e-05
POU2AF1;0.000528291254085627;0.00421457876697719;0.00458824291797163;0.00280426160468964;0.00239224087430047
TBX4;0.00507149618459689;0.00131167698564032;0;0.00339752797113706;0.0085013622377809
PIAS3;0.00112580834997052;0;0.00245713153624779;0.00462788598439592;0.00197336542537308
HIVEP1;0.00114710525612337;0.0136480100941169;0.00424873081213685;0.000766181441291381;0.0050239023575564
ZNF585B;0.00494971848613589;0.000175638847720223;0.00332458014741757;0;0.0111035700114497
BCOR;0.00946407517981978;0;0;4.11344884683702e-05;0.000518991370916793
ERCC6;0.00493372096357947;0.00517697694971802;0.0183652221082972;0;0.000407406130620191
ZNF333;0.000111138367104201;0.00133812731238433;0;0.00123146474490908;0
ZNF224;0.000142531855130035;0.00102014264864238;0.00680756450635374;0.00201706399393763;0.00137187415330917
MDM4;0.0136679939156029;0.00507108161441246;0.00671315002303302;0.0011304732608824;0.00446011779307216
RORC;0.00115128984322559;0.000975125381463671;0;0.00124902652504939;0.00379732641115668
HDAC9;0.00251373153395751;0;0.0013715129180701;0;7.92625534752435e-05
IKBKB;0.00123515011134282;0.000293975514193064;0.000347707093025265;0;0
ZNF514;4.45062480229027e-05;0.00116042380584982;0.00065428024993642;0.000186176505466333;0
ZNF10;0.00190559361652197;0.00384627870137547;0.000696292427877855;0.0016513993212344;0.000379901436244535
ZNF141;0.00161552808882444;3.30430559775609e-05;4.28454637933496e-05;0.00171384087079184;0.00127511250384018
ZSCAN2;0.000740128579072665;0.000266372915904053;0.0116848790298465;0.00354030296050317;0.000248518607539109
GFI1;0.000404212537738249;0.00155967223650525;0.00853871358319749;0.000472407982099565;0.00582435607518258
ZBTB32;0.000418145281613142;0.00124324904828265;0.000997395170762629;0.000117520569180224;0.00157600280148005
GRHL1;0.00120331974282186;0.00219439575388697;0.000382626951991154;0.00968292951098762;0.000795926701248205
PRDM1;0.00394208950910102;0.00559416548946485;0.00624093933315708;0.00153170220496828;0.00113587025310113
POGK;0.00710999846277072;0.0249627075897348;0.016983299288173;0.0010843112431709;0
TEAD2;0.0526984601056467;0.00149051148999408;0.00986622289940718;0.000674691973154208;0.00136940285687816
EYA3;0.00211426533415097;0.00701678474191872;0.00313107230151181;8.6798780741155e-05;0.00111381226958143
POLR1A;0.0014549433761786;0.00894980301565366;0.009870815377303;0.000398217327330379;0.00151845046774626
GLIS3;0.000125395164390726;0.00162180469034647;0.00182220421547673;0.000176728264445302;0.00292389720887988
ZBTB38;0.00172725765659747;0.00500513666292353;0.00286892452645358;0;0.000119522954683048
BBX;0.00814295865986933;0.0183146443040604;0;0.000432583447252359;0
ZNF581;0.00620345654955897;0.00240417514671774;0.00909224886090345;0.00325747310426351;0.00273313758200899
TEAD1;0.000690231638785448;0;0.00142439627042392;0;0
BACH1;0.0245514702461284;0.0288138797094948;0.0270490678003309;0.00699722720279227;0
HLF;0.000685637722561598;0.000300783185342294;0.000542144465261182;0.00628910351335529;0.00300275251044318
PER1;0.00174908403439094;0.000733110135846903;0.00198195089999281;0.00177855114720792;0.000371109131137012
TSC22D3;3.7302905126874e-05;0.0050149936587048;0.00215955200214598;0.000314729277573428;0.000531975562703936
ZFP36;0.00266414217221824;0.000678535428390771;0.00299790170915181;0.00161175747992817;0.00216814222718067
RARG;0.000117715885777417;0.00181605539519217;0.00133830176803506;0.00578984900223456;2.9432848433333e-06
ZDHHC13;0.00196109562208661;0.0401586726280904;0.00609200773306274;0.0108088072617767;0.000894054511593887
SOX15;0.00247669022179997;0.0123313282450848;0.0337385827744506;0.00304834802443157;0.0315330656551479
PDLIM4;0.000121741675145891;0.0423279445800225;0.0412745290889164;0.00763540549533075;0.0214022654461754
AFF1;0.00420456895289215;0.0227240170837036;0.00690581348820482;0.000868865461001044;0.00374348399105369
VHL;0.00294019011885145;0.00128689924095933;0;0.000661329566169932;0
RBBP4;0.0127197086998234;0.0156767434361284;0.00424892452589023;0.000873147183109774;0.0070426254909374
TCF12;0.000516278375926;0;0.00169665560060254;0.00018541641617312;0.00223498504790336
SPDEF;0.0017709707286896;0.00098314235534804;0.010586673958406;0.000990318005614392;0.0043803668685549
HMBOX1;0.000376919656997163;0;0;4.0497803671167e-06;0
ANKS1A;0.00339712482848361;0.00115455738330752;0.00307368741465649;0.0132439530483589;0.00195548331359944
BAZ2B;0.000852150525761623;1.93281595620869e-05;0.0042149991493266;0.00758278229667047;0
HSF4;0.00532854957282629;0.000723297916256253;0.00351250876130563;0.00110884731293504;0.00388813519355716
ZBTB37;0.000273273874037162;0;0.000393605053012901;0;0
NFIC;0.00371354215853115;0.0192130755687717;0.00738964336708309;0;0.0178815215037163
ZNF420;0.00442425684671304;0.000772357032398824;0.00232998628917872;0.000989618690780399;0.00140362909525903
HMGA1;0.000515641565656486;0.000424377409941099;0.00211661329717326;0.000492695655898316;0.000780723561525599
RREB1;0.0172640888062215;0;0.00146758202961879;0.0203326750321853;0.000776103696464593
DENND4A;0.00459339214037403;0.0014196327471981;0.00241647781155797;7.78027018081736e-05;0.00739131903186853
MCM3;0.00132926370136909;0.000109623690995311;0.000835142151210911;0;0
EYA4;0.00285568608590469;0.000556723339853491;0;0;0
VAX2;0.00131759740904354;0;0.00321799327076614;0.000453754877782187;0.0019448107190669
ZNF217;6.60689159325276e-05;0;0.00605051467831953;0.00116243741059382;0.00878227290760323
SMARCA2;0.00148488088815704;0.000873615853194747;0.00308781716462656;0.0081684918709503;0.000551582787089395
SMAD6;0.000113317730749349;0.000852216808094528;0.00153197703248629;0;0.00229854256645915
ID3;0.00213232844289512;0.000481583218392451;0.000176325792063729;0.000525209171209284;0.00148689686447563
ID2;0.00062687582438553;0.00130233931035872;0.00400174056254042;0;0.00325811281081553
RLF;0.000144320498149987;0.00171421691694875;0.00974355543541492;0.00157233418825308;0.000776676043175616
ZSCAN16;0.000727412679765776;0.0203744885333274;0.0159462053005647;0.0010987484853591;0.0350869666084623
NR2F1;0.000782197897710206;0.000457159782932393;0;5.43862200426922e-05;0.00265512886006019
ZNF708;0.00468809952373447;0.00732528079923127;0.00248109767114943;0;0.000760896754306748
RORA;0.00917163087984948;0;0;0.00106752719051786;0
LMO3;0.00585942746965764;0.00208604847147319;0;0.00903149256995817;0.00590634177171507
POU2F2;0.000135898742894588;0.00698209525999456;0.00761942913884154;0.000334524626170706;0.00166285201509487
ZFX;0.00185271639547194;0.000833015999144374;0.00124166621655978;0.000113621050326617;0
ZNF45;0.000219695098784099;0.00324392707715478;0;0.000165652213634611;0.00167143897565547
ZNF440;0.00576617879517204;0.154121680034244;0.134783184946478;0.0127032795188226;0.0125073197161996
ZNF436;0.00370311002383843;0.0124660411691702;0.0635936575717977;0.0129315650423239;0.0568984459288419
HIVEP2;0.00606742385381089;0;0;0;0
SMAD1;0.00136686006635185;0;0;0.00199580140548504;0
JUN;0.00147535482029177;0.000126399559687311;0;0;3.23002422407846e-05
TRIM29;0.00830631359696801;0.00049226534446725;0.00358806473964209;0.00146330841873236;0
RARB;0.000121373345278052;0.00170916356190987;0.00344111236122866;0.00498063316011053;0.00390676740911551
ZNF345;0.000588470964121442;0.000234220651689615;0.000296307177605709;0.000381612988644935;0
NR4A1;0.00343885049735781;0.00190679856254753;0.000648285505613961;0.0050502306038654;0.00606663563354465
ATF3;0.000771254790348166;0.00124622531692262;0.000916608589435818;0.00191781732352159;0.00160656563459849
KLF6;3.01401926975811e-05;3.07828937919854e-05;0.00019157282817985;8.20704233697312e-05;0
FOS;0.000338963636661774;0.000517794926612246;0.000321058538529956;0.00176036516750649;0.00174639957717689
FOSB;0.00343199035543701;0.00202746832763226;0.00324046052049389;0.000609112330098036;0.000720821984194816
ZNF354B;0.000747570895204189;0.000889242848401148;0.00107802416535459;0.02935956331153;0.000280545405724852
ZNF225;0.000381442844103017;0.000992126458093055;0.00164785481801938;0.000181454364473056;0.000198168213492264
ZNF441;0.000210261655200576;0.00103385142741442;0.0103963838004191;0.000701057573597488;0.00261746655840965
PML;0.0013439557207199;0;0;0.0024776932342458;0.00576544224956775
IRX3;0.00769237873270931;0.00190429220058569;0.00789451637371033;0.00736542844409584;0.0033980056799426
MEF2A;0.00281677432861377;0;0;0.00242468520419513;0
RCOR1;0.00027484480832469;0.00134667987202224;0.00209405217695034;0.010222941449711;0
PHF6;0.00469414907432961;0.000145509998716609;0.0006718208696953;0.0023519936066159;0.000724582205697531
SNAI2;0.0163371351428863;0.00268674543193356;0.0172075850151807;0.00722940988835795;0.00620631963552254
HIF3A;3.79292026547784e-07;4.03871352030206e-05;0;0.000120847712264607;0.000998349987608607
ATRX;0.00180267618804006;0;0;0;0
ZNF83;0.000992941293751329;0;0.00047548679787098;0.000125348814733083;0.000247769090712633
ZNF23;0.000731116345395407;0;0.000892401535758156;0;4.33223579233304e-05
TRIM21;0.00024288117406132;0.000213810782385821;0.000114491621986394;0.000420520452816176;0.000678473365507594
STAT2;8.34263272746473e-05;0.00482219556473162;0.00123014751937526;0.00132405342519205;0.00205601632226088
ZNF266;0.00162712723422772;3.36352183106633e-05;0.000270198509099735;0;0.00484837778261429
SS18L1;0.00184345431944433;0.00467607138831448;0.020351522578819;0.0017668968979405;0.00324823173075004
ANKRD32;0.00178486657796144;0.00158665894154355;0.00635593814878487;0.00146418641268618;0.000128177406933114
EIF2AK2;0.00110633797086749;0.00338865129179982;0.0239287231873432;0.00235425421788934;0.00438393709825214
NCOA1;0.00899102516343898;0;0;0.00019315745286879;0.00150006696128455
CBX6;0.0220127320377372;0;0;0;0
RUVBL1;0.00355410572200245;0.0128852570295469;0.0159976968670386;0.0704444162837804;0
SERTAD1;0.0017114131111496;0;0;0;0
EPAS1;0.00107783622354957;0;0;0;0
ANKRD53;0.000496970073111831;0.000306725296138757;6.23574325455529e-06;0.00682600269280382;0
THRA;0.000154949123930616;0.00046510511989236;0;7.75669261158104e-06;0.00227030779100682
ZDHHC15;0.00147583162100101;0.0030046637605171;0;0.000357992281633259;0
SALL1;0.00111934876051311;0;0;0;0
MYBL1;0.00667895327594929;0.00262919657110525;0.00184936316648275;0;0.000646857799628562
BAZ1A;0.0179383809847768;0.000403249030785327;0;0;0.00211741876353087
TNFAIP3;0.00144040411999741;0.0135340568999007;0.0311454515202736;0.00109524905365848;0.0111767729676031
PRDM8;0.00036779056056779;0.000483466399807345;0.000303371563972883;0.0040163062890306;0.000527112483885568
IRF5;0.00181241639487521;0;0;0;0
SOX8;6.32746745743185e-05;0.000161626791742255;0;9.1915328481645e-05;7.27668959447657e-05
STAT6;0.000594015569246544;0;0;0;0
PRDM5;0.00125745819721661;0;0;0;0
ZNF550;0.00635584592851386;0.00166833641129898;0.000322450558198489;0.000147228829206314;2.36098834186368e-05
ZNF184;0.000211843595842086;0.000583949285690187;0;0;0.00038683687846092
ZNF417;0.000566949006208622;0.000922396321461205;0.000872591824080578;0.0011718678671459;0.00433436705160492
ZNF8;0.000392211780295643;0;0;0;0
ZNF136;0.00145261127529698;0.0029622578821208;0.000875801604451377;0.000885758981804246;0
ZBTB34;0.00906500936683708;0.000194256706843679;0.00193546677883037;0;0.000229113699247643
RAI1;0.0242243588661935;0.00166775035176093;0.00568079121297064;0.0024584863127884;0.00512410717678447
ZNF221;0.000367802669979365;0;0;0;8.77097057270452e-05
ZNF611;0.0307496786963117;0.00108906434190357;0.000298393544880333;0.00174560664783745;0.00197386194088947
ZNF558;0.000650456417191975;8.98045288354287e-05;1.04332195859884e-05;0;7.42622482609158e-05
ZNF354C;0.000232812577750669;0.000580262519835892;0;0.000994849133646987;0
BCL3;0.00258562365171857;0;0.000352430536142566;0;0.000337474711991077
ETV7;0.000437768862432001;0.00539250377408778;0.0120114149599098;0.00738716908348914;0.00754426944935348
GLI3;0.000568763620778833;0;0;0;0
MYEF2;0.00592818148983761;7.82880829080446e-05;0;0.00765846506407627;0.0174668132434431
ZNF567;0.00686909024317811;5.19586585616802e-05;0.000139336160631028;0.000590181210855202;0.000289039276110914
MAF;0.00130882375798201;0;0.00655654679976274;8.47578307888708e-05;0
MLLT6;0.0003235171485555;0.000130879088787993;0.000879603259698956;0;0.00051261824517197
E2F8;0.000261019631415518;0;0;0.000626836001095643;0
ZNF273;0.000256591569903727;0.00338887920242065;0.00937894594912833;0.000728052618372474;0.00055275769343917
ZNF138;7.17791623262286e-05;0.00129061267385736;0.00792596116559357;0.00199087853519401;0
ZNF253;0.00199082676963934;0.0077243648011442;0.0384567759606665;0.003081624497393;0.015286805892756
ZNF580;0.00328097135157085;0.000941030920934917;0.00088981200790178;0.001521564670254;0.00968200609710644
MAFF;0.00170796237716299;0;0;0;0
JMY;0.000404067472576618;0;0.000850665383134184;0.00382455346010447;0.000434436067113913
ZNF670;0.00083869779229085;0.000649468405942256;0.000960139081578139;0.000401839072823335;0.00034578740879461
ALX3;0.000207314362435749;0;0;0;0
NDN;3.45937847989001e-06;0.000231412962441542;0.00190310127193331;0.00072501170078321;5.55166209965208e-05
ZSCAN12;0.000942388067570957;0;0;0.00104960510007637;0
TEAD4;0.00156208429194995;0.0354602087502263;0.140272947937375;0.00859962884896596;0.161065090340763
ZHX1;0.00119404618084308;0.00315024007479427;0.00462418669292046;0.00856667964562676;0.000345655734049511
NOTCH2;0.0203735540416978;0.00405359337465023;0.00700015240209746;0.000875363655956654;0.00544249906596598
ZNF319;0.000737451894976381;0;0;0;0
POU5F1;0.000783679702618174;0.000179878113950871;0.0366311173575502;4.81606552929554e-05;0.000203365858613294
TFPT;0.00117956501801266;0.000427760275803592;0.00357444047973913;0.00533169097919674;0.000942300860693944
ZNF554;0.00115692479286886;0.00111974868139953;0.000680231591317178;0;0.0164400971165469
PHF19;0.00386486417691998;0.000172736661231297;0.00279623248676786;0.00648084606883629;9.03256901613839e-05
ZNF713;0.000531591001069631;0;0;0.00501860103620186;0
ZNF627;0.00188695099585491;0.00517073939929382;0.00389383910341577;0;0
CEBPB;0.0016656563638096;0.00229953054966107;0.00911527132924171;0.00149238217438027;0
BATF;0.000760342688566923;0;0.00124870513910596;0;0
ZNF566;0.000129437418766204;0;0.00533195028957859;0.000240339830966991;0.00474880393500629
SREBF1;0.000858867682171445;0.00377687999321764;0.0112197770090301;0.000757919419237281;0.00117321299314558
EMX2;0.000712001310566668;0.0211118302579799;0.0210505296813232;0.00618301517854068;0.0185538032614063
ZNF671;0.00247778187268809;0.000960355351824225;0.00617797656097546;0.00382170158941663;0.00153803731016706
ENO1;0.00259143790353343;0;0.19752729083201;0.0127598917449677;0.0285997515988154
ZNF426;0.0129263161217184;0.00765861621786594;0.000697086888630245;2.69942656687187e-05;0.0105140603845454
RXRA;0.00168837180082687;0.00158358539222568;0.0163660479932972;0;0.0100683023970143
LIMD1;0.0125125027452789;0.00632785886545191;0.00298713264688072;0;0
DEAF1;0.00129776226337865;0;0;0.000918129180704544;0
TFAP4;0.00164773192190436;0.00194169631623179;0;0.00638831431210409;0
MESP1;0.00193530154341557;0.00392967088041001;0;0;0.00207762390803177
SCML2;0.00792310515935744;0.00185397385297301;0.00736893909902198;0.0048637177524079;0
NR1D2;0.0019412640992337;0.0022492417663589;0;0;0
CTNNB1;0.000513787690223896;0.000569522036669982;0.0058261902081995;0;0.00150578953300255
FAIM3;0.00045941878377639;0.00129820722406014;0.0010279770092083;6.30514222439078e-05;0.00251844650118787
TBX2;0.00109962218580812;0.0522308050118533;0.144893016016812;0.0647368360095836;0.101300775243677
PPARG;0.000464985623326172;0.0163816468307763;0.00102881700025808;0.00179557145989886;0.00551453398718083
NPAS2;0.000702494965956663;0.00298625024211977;0.0057766697896446;0.000911423164518675;0
BCL6;0.000277746658627504;0;0;0;0
ZNF32;0.00174701372472375;0;0.0013518014278283;0;0.0106619511231687
SMARCD3;0.00775006144237501;0.00296831983007938;0.00264639018123014;0.00843671811215261;0.00526479256948086
BTG2;0.00124248245564765;0.0258836053729531;0.0427897455314958;0.00584216265553293;0.0215079284884705
TRERF1;0.00138865922113663;0.000119283448364175;0.00065085987786438;0;0.00209806934671057
HOXC9;0.00288833538566852;0.00121750501776046;0.001550163207798;0.000533432312404864;0.00150899772113871
ZFP30;0.00128253893445517;0.00195316177413626;0.00165558768183523;0;0.00458615788514454
ATM;0.00059802663379187;0;0;0.000195561168559458;0
NFAT5;0.000371940392500234;0;0;0;0
CRY1;0.000632307374891689;0;0;0;0
MAFB;0.000662621599748768;0.00238499437502534;0.0186551671130508;0.000697769741525509;0.000182883402249388
ZNF25;0.00422660427473169;0;0;0.000585060143617681;0
DMAP1;0.00732374826215582;0;0;0;0.000290311724046573
ZNF75A;0.000833552468860155;0.000996331571349713;0.00156043061896741;0.000529013951332831;0.0010037524969829
ZNF624;0.000206633131904372;0.010152950498329;0.00083501094631013;0;0.00264608981325165
XBP1;0.000818293457716313;0;0;0.00105425046733948;0
ELF3;0.00452893074366262;0.00129063613175697;0.00419112060607793;0.00177071240602892;0
TBX3;3.60801744443342e-06;0.0248870903432864;0.0444111554879829;0.0329664747566246;0.0798856281352446
ETV6;2.63073886722672e-20;0;0;0;0
AHR;0.000346468073306639;0.00393094854577428;0.00190919072420627;0;0.00158707611687754
ZNF302;0.00158799313897434;0.00364616787191298;0.00352139042786643;0.00187495732311953;0.00035124202857428
GTF3A;0.00115436741501076;0;0;0.000655334788265176;0
ARNT2;0.00154603677027964;0;0.00220830932189155;0.000209884060108044;0
MAFG;0.00254871070161145;0.00222724419109094;6.48154726848999e-17;0.00304311502258748;0
HOXB2;0.000325476743115615;0.00106213993885112;0.00168413805470551;0.000117973529592516;5.15584257190746e-20
HABP4;0.000250930121052333;0;0;0.00172058985120422;0
ZNF358;0.00432671525380455;0.000869111043551488;0.00110260575834749;0.000993610508222585;0.0015180740859607
ZNF493;0.00144539180165356;0;0;0;0.000853471180200613
PER3;0.00277728620020756;0;0.00230304064963633;0.00126015361778532;0
RELB;0.00043619040046146;0.00940193580053255;0.00211705707170216;0.000852978354911786;0.00803994376825294
ZNF44;0.00108427518638536;0.000264340594496449;0.00144259176888994;0;0.000534769864272479
ZNF439;0.000940650390022973;0.00961507282304894;0.00933192258779452;0.000242099625353241;0.00126609963230066
ZFP36L2;0.000124829573123294;0;0;0;0
ZNF93;0.00197524087816907;0.000108125060746881;0.000383165458886007;4.61960516902104e-05;7.07558562809718e-05
ZNF100;0.000617910810000306;0.000299222822202775;0;2.07017807820103e-06;0.000727533426916551
ZNF91;0.0126302773497623;0.00975337039406258;0.000738628612548279;0.00207178613989747;0
ZNF675;0.000955068364434379;0.000190362113510877;0.0127248858562751;0.000294372364548006;0.00378616068244587
ZNF571;0.00262784160216928;0.00281632982469232;0.000512943571917467;0.00104774776630048;0.000904072211217388
DPF1;1.99722180800798e-05;0;0;0;0
ZNF211;0.000571621500491836;0.00421699496862619;0.00450401161822731;0.00202732205580968;0.0422094108959727
ZNF382;0.000651370048867165;0;0;0;0
ZNF177;0.000349184390196449;0.000326145347594762;0.000733792022443695;0;0.000285515637653324
HOXA13;0.00122920995044922;0.00110179032348261;1.29959757861357e-07;1.52004630054052e-16;0
ZNF350;0.000415338062665646;0.000271835075298668;0.00056201492998346;4.14799844768115e-05;0.00147433004668792
ZNF613;0.00213270697599349;0.00030378841753207;0.000904570501649949;0.00017140119398365;0
ZNF432;0.000328559624224601;0.00107174938537239;0.00157412604806936;0.000345225637840622;0.000620350067768626
ZNF649;0.000263068023021602;0;0.00179859990676038;0;0.000659003404230491
ZNF615;0.00267701251391901;0.000386394363913193;0.00171929398866578;0.000940153510216369;0.000450041819036049
ZNF610;0.00042389567014764;4.137528031883e-05;0.0025634662318721;1.00264352780961e-05;0
ZNF446;0.000672048884142082;0.00212907297553663;0;0.00179460443359961;0
ZNF582;0.000402106683612583;0.000663917242243658;0.000836794815126055;0.000318909318859124;0.000731793331526387
ZNF677;0.000627758095267172;0.000173607859820392;0.00234628846086814;4.62220579364632e-05;2.03933084514205e-06
ZNF471;0.000712819099812379;0.00101283113173313;0.00386824712695999;0.000338073126013759;0.000859955315850167
ZNF418;0.000435777528810581;0.000721333164895161;0.000554646629485589;0.000348845081508756;0.00341077839633696
ZNF135;0.00111579626252162;0.00164837660911321;0.00109206345768194;0.00556493354024787;0.00102653777086275
ZFP28;0.00134698818488124;0.00206865977847782;0.00314729266785;0.0016688725395414;0.00172023002109097
ZNF274;0.000265105431402125;0.000523605149988424;0;0;0.000201721470062134
ZNF304;0.000828534134445281;0.000480601511358527;0.00105542827242356;0.000700549950759184;0.000924831262809772
ZNF134;0.00611580977102393;0.00249139930422463;0.0022560136503367;0.00131044629589335;0.00161756348296059
ZNF416;0.00264704990253183;0.00232439967036001;0.00197838562751214;0.00122074340634389;0.000921994182623098
ZNF132;0.000509010123808444;0;0;0;0
ETS2;0.00124167577255879;0.00228755287787404;0.000638441380129421;0.00494309118639883;0.00756426326875869
ZNF74;0.00128274047819389;9.5188403887309e-05;0;0;0
THAP7;0.000483007243639922;0.00078995688203624;0.000410026442433566;0.000487632097644523;0.000468933009430161
HIC2;0.00202916803109223;0.00177440541939067;0.00235714836564939;0.00161044484278967;0.00204295564496882
CBFA2T2;0.000488623490356158;0.000264655816773361;0;0;0.00050740386806055
ZNF546;0.000168134414623713;0.000211718143838216;0.00176721699675364;0.00141054585206432;0.000194041395068693
ZNF524;0.000600797546963562;0.00441221285487148;0.0095701132657608;0.00401700638237045;0.00166377356922488
ELF4;0.00141085366733273;0;0;0;0
NAP1L2;0.000470807945834053;0;0;0.000783019212985975;0.00209845007740954
ID4;0.00125947121810912;0.00156110559671208;0.00339253062651626;0;0.00113480581847798
MYCN;0.000712360010596283;0.000262581894705673;0.00235225436518702;0.000162385620369531;0
ING4;0.00116027727712864;0;0;0;0
FOXD4;0.000936935018346632;0.000959400958588743;0.00347210985391127;0.000468778260148828;0.000656499906823064
HOXD11;0.00129624425758426;0.00066795700816861;0.0084903951392909;0.000859910504680166;0.00067716929303728
HOXD9;0.000514522329812745;2.90416187892934e-20;0.00103370396780611;0.000301003864718939;0.000200660894142995
HOXD10;0.000971583006344952;0.000653961830081009;0.00144591348985478;0.00107161231811496;0.000634797939142219
HOXD13;0.000186685166580612;0;0.000442748722614265;0;0.00022429179184404
HOXD8;0.000184914982613775;0;0.000838282116607534;0;0
HOXD3;0.000788969450138867;0.00118687155278308;0.00229931736789533;0.00040862483751352;0.00222397423424675
HOXD1;0.000547305392907112;0.000339369742933292;0.00123040723013041;0.000806518616518769;0.000517755838845632
HOXD4;0.00092064956878835;0.000462994873245264;0.00143970098531474;0.000158366058086917;0.00127933197569426
ZNF354A;0.00106247745273175;0;0;0;0
PPARD;0.00151245782104977;0;0;0;0
NFKB2;0.000648517136937919;0.000351160841655129;0.00131543210089999;0.00030248731803268;0.000316449190146925
HOXA3;0.000752535152768571;0.00147559492392354;0.00193686964633533;0.00176760779807039;0.00203237974387604
HOXA5;0.00103398078612965;0.00194664058126664;0.00211208323771119;1.48272490033927e-06;0.00213102632352763
HOXA4;0.00032238190837363;0;0.00049101424032632;0.000433065324095066;4.32405146010114e-05
HOXA2;7.82010063430754e-06;6.64862465266557e-05;2.30582391652095e-08;3.85318649373786e-17;5.97110938969362e-09
HOXA6;0.000137723546225695;0.000374631274482167;0.000444963989634715;0;6.27116845757523e-05
HOXA11;0.0021264336854268;0.000398440418848511;0.000544267390277748;1.08282326769838e-17;0.00079957364394747
HOXA7;0.000128850265683942;5.81323765016485e-20;5.84965535225582e-17;0.00011874761713125;0.000215790304614424
HOXA9;0.000251179884943348;0.000685650295420702;0.00270559868361709;0.000848608509700056;0.00085815376589896
DLX5;0.000930883636713967;0.00100001928846682;0.00140386568116272;0.000601894616664166;0.000967342224614819
NFE2L2;0.00123296448218853;0;0;0.00105457963500864;0
FOXD4L1;0.000892048127705796;0.000951303646216489;0.00161966925420852;0.000515941412961265;0.000836889089227732
HES1;0.00294013915345172;0.00218980083689236;0.0151435733553149;0.000897348965553738;0
FOXQ1;5.89173638546968e-06;0.00253985564292074;0.00360050593434074;0.0114472692500129;0.000232695604601817
NFKBIE;0.000493675402901336;0.000931286381399799;0.000521322205092808;0.000417340068670019;0.001298212194536
ZNF215;0.00114304485107159;0.000706524685170238;0.00192831129031169;0;0.00107996737342669
SKIL;0.000419690031318352;0;0;0.00187761610741058;0
NFIL3;0.00151910749912873;7.35348490993112e-05;0;2.27681276637635e-05;0.000492208796879216
SIX4;0.000985360586807047;0;0;0;0
SIX1;0.00102252651023988;0;0;0;0
SNAPC1;0.00136746134203292;0;0;0;0
MESP2;0.00128609516154452;0.00133072153927251;0.00140166428213295;0.000493349670896151;0.00152473088331294
IRX5;0.000632973347212711;0.00124141453414822;0.00275432147558115;0.000549643892770453;0.000788378602790864
HOXB8;0.0028193569268733;0.000470023221117771;0.000602838219679346;0.000386190428560476;0.000527535478094191
HOXB4;3.50797638689714e-05;0.000359367744082916;0.000483326661459108;0.000124810280447128;0.000316654971551598
HOXB6;1.85991616620245e-05;0.000877323252580035;0.00127012380278946;0.000484451964724303;0.000584637716979615
HOXB5;1.74189689195368e-05;0.000834414286983622;0.00120408062645313;0.000644085092906693;0.000610739479219516
HOXB9;0.000103654047756306;0;0;3.03662506410501e-06;0.000200780308406945
HOXB7;5.44267905412075e-05;0.000370834983769962;0.00139566806507273;0.000109565718943517;0.000676134239159135
HOXB3;0.00100643370020896;0.000854243371908329;0.00127434711619762;0.000183336281352021;0.000456223553196366
E2F3;0.000302319470315473;0;0;0;0
ZNF626;0.000992191909417177;0.0021833146919628;0.00388994891138099;0.000284901794777398;0.00317075384387034
ZNF599;0.00010996803837514;0;0.000118236595428894;0;0
ZNF585A;0.0411474425993259;0.000582483051178904;0.000314076489166746;0.000194866888088112;0.000521157492690762
SP4;0.000152282435849393;0.00164536694500122;0.00526477373275113;0.00731076470721409;0.000232501038227165
ZNF573;0.000721361057399119;0;0.000782257722554301;0;0.000138775738357043
ZNF180;0.000103287412463252;0.0034472243524379;6.3077797655516e-05;0.000316396456983674;0
ZNF404;0.00201315466814838;0.000435560774479969;0;0;0
SERTAD3;0.00199439552961084;0;0;0;0
ZNF223;0.00020833768276551;0.0029264162685953;0.00645520057461043;0;0.000327331053490651
ZNF235;0.000264110872476663;0;0.000394542396520669;0.000723056820166396;0.00290875677433444
ZNF347;0.000495917598905005;0.00202514978795599;0.00527976822768697;0.000596129264865461;0.00278351512367858
ZNF14;2.96225644776748e-05;0.00073312884426863;0.00211947049170468;4.99880056077241e-05;0
ZKSCAN3;1.0545076869426e-06;0.00396900104059355;0.000159084840998443;0;4.69972852412105e-05
ZNF419;0.00015501308682836;0;0;0;0
ZHX3;0.000251836685912425;0;0;0.00324254131654433;0
PHF17;0.000577188417001548;0.000110861672569565;0.00593210691295154;0.000302561314180294;0
ASB1;0.000793060922994204;0;0.00980297972979868;0.0034721634291577;0
PBXIP1;0.000567313519726777;0.00217709816528672;0;0.000760544864256466;0
ING5;0.00160445528877141;0;0;0;0
SHOX2;0.00265026186932588;0.00134024659508061;0.00627469951798196;0;0.000221020448871076
TAF4B;1.75280645673847e-07;0;0;0;0
ZNF496;0.00188485296558098;0;0;0.000860440256132517;0
ABTB1;0.00275868206062677;0;0;0;0
ELAVL2;0.00208861017779463;0;0;0;0
RCOR2;0.000907019049781384;0;0;0;0
YEATS2;1.25512794908543e-06;0;0;0.00091422757187197;0
TSHZ2;3.26594460948504e-20;0;0;0;0
PHF16;0.00173836953054435;0.000703675075535754;0.000708922361999127;0;0
SOX2;0.00360168799448689;0;0;0.00104718485774709;0
ZFP62;0;0.0171152089008743;0.0268187056249485;0.00817164039017582;0.00285313907614218
ZNF248;0;0.00020106659665498;0.0103639333944114;0.000586258812551364;0
ZNF20;0;0.00720034586120259;0;0;0
ETV2;0;0.00209649773907046;0.013231156902798;0.00016420678474257;0.000543569624158159
SOX7;0;0.0639724045316107;0.0810347479794509;0.0328257920074754;0.0382031504925579
ZBTB40;0;0.00456772873785611;0.000152137747642187;0;0
REST;0;0.00124706329590715;0;0.00153170786433762;0.00363412140903555
ZNF623;0;0.00129751970394077;0.000485552795980448;0;0.00100168556125755
PCBD1;0;0.0137585395639183;0.0805866282290408;0.00450240677397222;0.00850848999392566
HMGA2;0;0.0246061332498366;0.0833766597091383;0.00480830378144744;0.0467106498332833
PIR;0;0.00251714203010759;0.0291239552721305;0.00217370194058927;0.00215541579324951
EBF1;0;0.00242292363854482;0.000378447608583651;0.00302943124131676;0
EEF1A1;0;0.00818195168069961;0;0;0.00472533894226657
CREB5;0;0.00434579711599274;0.00966241452507293;0.00200937988162475;0.0259879927218822
MCM2;0;0.0159630838130854;0.00783735351891611;0.00634422951605082;0.0285556777022814
ZNF205;0;0.00952581681862826;0.0129588602930757;0;0.000256503644929989
KLF5;0;0.00500552446189742;0.000363859843692393;0.012564242229196;0.000924920936046437
ZNF165;0;0.000683593279743534;0.00905067030426315;0.00190354023914633;0
ZFPM1;0;9.60216366599018e-07;0;0;0.00111401693853868
AES;0;0.0207672723280213;0.0659934275935626;0.000892973455799629;0.0146824405389914
ID1;0;0.00290406133705698;0.0216656736647954;0;0.000532563057738282
FOXH1;0;0.00202211789915615;0.0104994938561691;0;0.000417293948677675
TFAP2A;0;0.00018025045872447;0.0145264145530063;0.00254877664446914;0.00448268511673689
ARNTL2;0;0.0139789343777887;0.0262270058892768;0.000522665167680305;0.00218818855913743
ZNF367;0;0.000267935959599673;0.00191130440630598;0.000695552666336691;0
TCF19;0;0.000332760953093742;0.000946900442324725;0.00110347471295327;0.00161893481938582
KLF7;0;0.00158083404036779;0.00407731701700845;0.000328003092999579;0.00217180635834931
ZNF230;0;0.00425229839506533;0;0.00239773371719543;0
CREB3L1;0;0.00222182271254047;0;0.00024365835172945;0
SUFU;0;9.05721024923933e-05;0.00709251397361297;0;0
KLF15;0;0.0201963376337994;0.0176322302868903;0.0129269774954848;0.00459361605966233
PRDM6;0;0.000497602400040788;0.000134550899002367;0.000646555033330312;0.000952509460433028
TBX5;0;0.000460397575048279;0.000333807819598419;0.00125824560197517;0
GRHL3;0;0.00400237601236151;0;0.00198639978019802;0
ZBTB6;0;0.000361360019874191;0;0;0
ATF6;0;0.000836078746528306;0.00381431601029475;0;0.00215648107159925
NFKB1;0;0.000295722860497837;0.0018430874185706;1.27990306127021e-16;0.00140458827872535
NMI;0;0.005971928157425;0.0139456640889465;0;0.0134608316250291
ZNF396;0;0.0114187990771666;0.00227650243821096;0;0
BARX2;0;0.00490428702241316;0.0148223436605149;0.00344826488247618;0.00438735625750438
HIVEP3;0;0.000331340560067158;0.0021022698537956;0.0129542487568061;5.49266820617941e-05
SALL2;0;0.000201051650221214;0.000224400847973863;0.00122517583644231;0
NR1I3;0;0.00129572295015307;0;0.000739358962666697;0
HR;0;0.000120049503503636;0.000267080177615147;0.00435389134810687;0.000205455274222968
PEG3;0;0.000613134220644134;0;0;0.000177991006958875
CBX7;0;0.000806852231087065;0;0.00404225554590733;0.000471857289748641
TLE6;0;0.00554494144119567;0.0236486343492526;0.000794934392977939;0.008712508994385
TLE2;0;0.02853841011819;0.0238495135340132;0.0144669419292694;0.00170300988393639
FUBP1;0;0.000418455808483182;0;0.000743612703108505;0
EAF1;0;0.0083487688714659;0.000945036723573546;0.00457824190159102;0.00110572108462927
MAML3;0;0.014244481165192;0.0543191036767345;0.00231421272857061;6.4115263122853e-05
SMARCC1;0;0.00207830228648298;0.00223665463362761;0.00078529834415123;0.000340436206394625
ANKRA2;0;0.00370951869052763;0;0;0
TOP2B;0;0.00199778852192088;0.0113215559769154;0.00103308164378653;0.00480675092527945
ELF5;0;0.00752376049204848;0.0293821913215455;0.00460483603637515;0.00206391053117249
TRIM24;0;0.00063019822284086;0.00170428514734908;0.0121068424800151;0.000600874785829264
SOX4;0;0.000697390180893437;0.0023009953501354;0.000241922751595118;0.00065488357367841
GATA3;0;0.0303619078755984;0.0119786567522544;0.00360222307438791;0
ZNF226;0;0.000653054329162533;0;0;0
ZNF700;0;0.000518834236956595;0.00163566165581574;0.000886241081851317;0.000926826974586822
ZNF219;0;0.00014681720422955;0;0;0
PGBD1;0;0.0146282496984735;0.0063762718438899;0.00208780561520758;0.000211465705544041
AR;0;0.00142209736115718;0.000980172333148185;0;0.00347900691235745
ZNF565;0;0.00172194061943405;0;0;0
NPM1;0;0.00137911121649178;0;0;0.00343018463776543
NR3C2;0;0.00670190118505082;0;0.0178314873164007;0.00614855418591939
SOX5;0;0.000256298661010391;0;0.000388726300098096;0.00102187100664313
SREBF2;0;0.00209513990625915;0;0;0
CASZ1;0;0.000626050126381712;0.00113857007250245;0.00137808268946764;0.000852647459993539
ZNF423;0;0.00301219581635738;0.00316362584291624;0.0028804326167718;0.00301764045612168
ANKRD10;0;0.000652048445084598;0.0191486007102782;0;0.00519559079210355
SNAI3;0;0.00303589197962712;0;0.000167014989766753;0.00416274129487888
IRF6;0;0.00035480703159068;0.000524096822519829;0.00288338576331644;1.75200922741215e-05
NCOR2;0;0.00131741680521133;0.000896882723218807;0.000953256625452553;0
ZNF26;0;0.00324381550272201;0;0;0
TSHZ1;0;0.000558250040921478;0.00148714613536999;0.00518346660295849;0
NAB1;0;0.00191185796979682;0;0.000759501366273693;0
OVOL2;0;0.000348003617635788;4.33944529483128e-05;0.00260104797936217;0
EHF;0;0.00133047578035541;0.00447333766102041;0.00539197509813235;0.000326628553946672
FOXA1;0;0.00578202895810051;0.00863577848299144;0.00154672388722621;0.000435595592219333
TCEA3;0;1.97541746665278e-06;0;0.00089533661493295;0
CREB3;0;0.0027130558818303;0;0;0
LRRFIP1;0;0.00075707921905082;0.00102499493915561;0.00111928833210931;0
ELL2;0;0.00335688256091915;0.00197752504867178;0.00342324388576371;0
MSX2;0;0.000988327410664208;0.0228501755365376;0.00308327390899475;0.00370091709123812
VGLL1;0;0.0287137269373085;0.0246454111550328;0.00369525119877493;0.00034248052914413
ZNF709;0;0.000607289955543146;0.00224303012875267;7.84598053600078e-05;0
ZNF37A;0;0.00337129377560772;0;0;0
KLF13;0;0.00199401874006383;0.00802889651361862;0.000976095518027239;0.00340221889218597
HKR1;0;0.000192224993044408;0;0;0
CEBPA;0;0.00594882900250645;0.0307334366223165;0.00822074803580093;0.000389503849227258
ZDHHC7;0;0.000896052246670168;0;0;0
CREB3L4;0;0.000507959698945813;0.00724656327991082;0;0.000536320098069827
TRIM16;0;0.0013863356353496;0.00211887521708895;0.000493473691937384;0.00129079117306478
IRF7;0;0.000386278575200574;0;7.70509152529808e-05;0
SOX13;0;0.000172255786327409;0.0129526414270003;0.0236337340819257;0
PBX4;0;3.79378945963719e-05;0.00706043357460946;0.00986003664162216;0.0016656423323533
ZNF491;0;0.000157561614236648;0.0013225441928549;2.10797818445064e-05;0.00208023004124775
ZNF85;0;3.75487991308528e-05;6.94757493983922e-05;0.000990425292097718;0.000125983000775366
ZNF540;0;0.000243170493061995;0.00184139182877491;0.000248569992244881;0.000153808287615261
ZNF43;0;0.000342196899059277;0.00428612265564188;3.16694380377714e-05;0
ZNF90;0;1.91439689873434e-07;0.000232971822248456;4.3866988251578e-05;5.94995691081362e-20
ZNF257;0;0.000441465530519381;0.00109251972280463;0.000507910897802857;0.000200009130418855
ZNF486;0;0.000112115645266504;0.00423228906729294;0.000672267464374119;0.000183777015227427
ZNF547;0;0.00230269958105268;0.00134015986910757;0;0.00202232799687732
ZNF222;0;0.000142857753103393;0.0086214952303195;0.000187744777723932;0.000186181785148484
ZNF570;0;0.0011158992133631;0.00169573881973831;0;0.000323627163601116
ZNF568;0;0.000115372833856242;0.000380987463776847;0.000590919161741049;0.000617170551309418
ZNF606;0;0.000287318423177578;0;0.0019678815491725;0
JUND;0;0.000720406283754147;0;0.000374526154465081;0
ZNF577;0;0.00188782759801804;0.00195438764635395;0.000754065848324101;0.000593949702102001
ZNF429;0;7.24591228662289e-05;2.05998679301101e-05;1.80030214646968e-06;7.55919333903444e-05
ZNF268;0;0.000731242344488099;0;0;0
ZNF71;0;0.000205004712181099;0.000365150549950532;0.000230899092436551;0.000260105734169444
ZNF264;0;4.25997797796619e-05;0.00140753141343689;0.000117567945979499;0.00145804453073734
ZNF586;0;6.20281322763228e-05;0.00372276532722741;0;0
HTATIP2;0;0.000616366463729824;0.00187132678706184;0.000303803248565507;0
NKD2;0;0.000305119091847285;0.00610042940374205;0;0
ZBTB12;0;0.00768773078980788;0.0102902704615672;0.0020120572600437;0
TCEAL1;0;0.000807358181206384;0.00159482848473342;0.00092068319363636;0.000768401583068651
MXD1;0;5.60820380502633e-05;0.000164511014165952;0.00169171843372168;0
ZNF770;0;0.000351391453026176;0.000584690337555849;0.000358236953700667;0
HOXC6;0;0.000790730749435466;0.00139438333675423;0.00152026723907752;0.000871749306615388
TAF1A;0;9.62078332486927e-05;0;9.45930355052286e-05;0
DLX3;0;0.00197494877150246;0;0;0
ZBTB3;0;0.000259618977352038;0;0;0
ZNF557;0;0.0118068832619325;0;0;0.000559358907350541
ZNF442;0;0.000853098426747793;0.000948722223049582;0.000647142764521511;0
ZNF563;0;0.000930268878621554;0.00173101744646641;2.54293897217884e-05;0
ZNF559;0;2.38366597812338e-05;0.0028857043976459;0.000141939955357273;5.43983584501621e-08
ZNF583;0;6.0604932741586e-05;1.662247863233e-05;0.000110795223814954;0
ZNF283;0;0.000405345411312139;0;0;0.00030105735743869
ZNF549;0;0.000217907060609988;0.000372476894809884;0;9.67821689424328e-05
DPF3;0;0.00259911795038384;0.00367588625536185;0;0
SAP30;0;9.46739737223797e-20;0;0;0
POLR1E;0;0.000189770980033014;0.00941163065448932;0.00821061107450072;1.05689437648424e-05
KCNIP3;0;0.000344613059546683;0.0139904262199276;0.00448809817942009;1.32322593673004e-17
TAF1C;0;0;0.00946483076595444;0;0
TEAD3;0;0;0.00515615402224448;0;0.0075745689229439
ZNF33A;0;0;0.0266402760304647;0;0.0514232620916341
ADNP;0;0;0.00081466144116785;0.0114360612053788;0.00972052402168886
EP300;0;0;0.00162099997713313;0;0
ZNF77;0;0;0.000261964421674709;0.00442821574012166;0.00176277615412544
ARID1A;0;0;0.0155342111289898;0;0
TAF5;0;0;0.00090599758067798;0;0
BRWD1;0;0;0.000316731627973898;0;0
CHD7;0;0;0.00113189124939085;0.000244837033343451;0
TAF10;0;0;0.00453997196456986;0;0.00683537476055614
TFAP2C;0;0;0.00260435214696029;0.000625571670582547;0
THRB;0;0;0.0113526482550708;0.000997543925082526;0
ZMYND11;0;0;0.00447798858428286;0;0.0084349003669121
SOX9;0;0;7.87872267383187e-05;0;0
BTBD11;0;0;0.000336032201809391;0.00173903652783344;3.21108079107991e-05
EDF1;0;0;0.00376349850538532;0.00152112136617831;0.0170050330621817
CREM;0;0;0.0105529529668056;0;0.00965520428611608
GTF2IRD1;0;0;0.0123041478093048;0;0.00149259308536638
ZNF133;0;0;0.00148601834860721;0;0
SIRT1;0;0;0.000598375746450571;0.00397990561213909;0
DOT1L;0;0;0.000996491334855811;0;0
BOLA1;0;0;0.00234893157745223;0;0
ZNF480;0;0;0.0139458483071986;0;0
ZNF433;0;0;1.47486988701536e-05;0.00451447477466708;4.39065158949475e-05
FOXJ1;0;0;0.0159510340100422;0;0
POU6F1;0;0;0.000978744119239071;0.000138076411956724;8.39486544628632e-05
ZNF669;0;0;0.000837358637663161;0;0
PITX2;0;0;4.86807699850901e-06;0.000453649702031162;0
DLX6;0;0;0.00144541775788968;0.000570475487039969;0
ZNF140;0;0;0.000576159044519257;0;0.00030564115602237
HIF1A;0;0;0.0018554843644627;4.64966552691923e-05;0.00139912182785759
TCEA2;0;0;0.00133972432309634;0.00685849437149479;0.00141743144342138
ZNF250;0;0;9.00178491809696e-05;0;0.00653358828407467
ZNF714;0;0;0.000404788517605216;0.000279587535732646;0
ZNF19;0;0;0.000214929894523297;0.000678008009805641;0.000735432908782057
KLF16;0;0;0.00107125860264016;0;0.00519132468618254
ETV5;0;0;0.00978132966482832;0.00868911810523701;0
NR1H3;0;0;0.00371485188211565;0.00467915558084835;0
NFATC4;0;0;0;7.62939260586871e-05;0
HIPK2;0;0;0;0.00634414697429631;0.00107008603412263
MEIS1;0;0;0;0.000250050968935031;0
PKNOX2;0;0;0;0.000311281596251295;0
OVOL1;0;0;0;0.000874542354285103;0.000983039642832164
STAT3;0;0;0;0.00204886641811247;0.0454122976473192
DACH1;0;0;0;0.000319014844863629;0
CREBL2;0;0;0;0.00169165634111237;0
LHX6;0;0;0;5.61669182211971e-05;0
RAD54B;0;0;0;0.000273902675838757;0
ZNF454;0;0;0;2.02843484762197e-05;0
TBX18;0;0;0;0.00336790700613415;0.000636858744202053
L3MBTL4;0;0;0;0.000258089472109086;0
FANK1;0;0;0;0.00648274160325305;0
ZNF154;0;0;0;1.58670669962867e-06;0
ZFP2;0;0;0;0.00112947093418989;0.00251063820427697
MSX1;0;0;0;0.000957281723722886;8.49899223767009e-05
BLZF1;0;0;0;0.000297197634227445;0.0015711209487836
RFX5;0;0;0;0.000490308220995729;0
NR2F2;0;0;0;0.000864609315936828;0
CRABP2;0;0;0;0.0159400676153537;0
PRDM16;0;0;0;8.52595321133328e-07;0
OTX1;0;0;0;0.00554710101086292;0
SNAPC4;0;0;0;0.00129119569423849;0.00145156299654947
TFEB;0;0;0;0.000492465960390846;0
CBFA2T3;0;0;0;0.000565024385578062;0
ZNF467;0;0;0;0.00163777050757405;0
POLR2L;0;0;0;0.000397200123022005;0.000138692562546987
TSC22D2;0;0;0;0.000829572213525375;0
CEBPD;0;0;0;0.00031623977139676;0
NOTCH3;0;0;0;0.000156231827131128;0
ZSCAN18;0;0;0;1.79395240006599e-05;0
ZNF34;0;0;0;0.0164417840092533;0
TEF;0;0;0;0.000910671650117309;0
JUNB;0;0;0;3.96886176689166e-05;0
NR4A2;0;0;0;9.31665700315972e-05;0
SMAD9;0;0;0;1.45677410259139e-05;0
HOXC4;0;0;0;4.7248504581759e-17;0
DNMT3A;0;0;0;9.05741420495117e-05;0
ZNF208;0;0;0;0.000797563122978566;0
ARID3A;0;0;0;0.000979305065457129;0
PSIP1;0;0;0;0.00214085535812022;0
FOXL2;0;0;0;0.00203659059483986;0
CALCOCO1;0;0;0;0.00248825806529435;0
RERE;0;0;0;0;0.0572527921736088
FOXD1;0;0;0;0;0.00667154347308234
ZNF513;0;0;0;0;0.0398967456090667
RYBP;0;0;0;0;0.00379235917704005
TAF4;0;0;0;0;0.00241912263467371
DMTF1;0;0;0;0;0.00319607351643569
SUZ12;0;0;0;0;0.00364309919069776
PPARGC1B;0;0;0;0;0.000553786336607824
STAT5A;0;0;0;0;0.000275437827752773
SNAPC3;0;0;0;0;0.000386870996579118