"TCGA-4Z-AA7R-01";"TCGA-BL-A3JM-01";"TCGA-BT-A0S7-01";"TCGA-BT-A2LA-01";"TCGA-C4-A0EZ-01";"TCGA-DK-AA6W-01";"TCGA-FJ-A871-01";"TCGA-G2-A2EL-01";"TCGA-GD-A3OS-01";"TCGA-GV-A3JZ-01";"TCGA-K4-A3WV-01";"TCGA-XF-A9ST-01";"TCGA-XF-A9T2-01";"TCGA-XF-AAMG-01";"TCGA-XF-AAMH-01";"TCGA-XF-AAN7-01";"TCGA-YC-A9TC-01";"TCGA-ZF-AA4R-01"
"NR2F6";0;0;0;0;0.122454520407809;0;0;0;0;0.0473866896241181;0;0;0;0;0;0;0;0.0356302540516914
"ZNF444";0;0;0;0;0;0;0;0;0;0;0.016606639614872;0;0.0311851714665387;0;0;0;0;0
"HDAC10";0.0260656565460993;0;0;0;0;0;0.0360718665982175;0;0;0;0;0;0.013550533011937;0;0.0491668293302518;0;0;0
"ZNF266";0;0.0129707320886662;0;0;0;0;0;0;0.00140115048163822;0.0500187531930281;0;0;0;0.00786178993817189;0;0;0;0.0150183743855528
"ZNF141";0;0;0.00185645440251677;0;0;0;0;0;0;0.0132721793832011;0;0;0;0;0;0;0;0.00782339128340538
"MDM4";0;0.00605142536182929;0;0;0;0;0;0;0.0420225038004809;0;0.0322081911129887;0;0;0;0;0;0;0
"ZNF224";0;0;0;0;0;0;0;0;0.0246937347595651;0;0;0;0;0;0;0;0;0
"SS18L1";0;0;0;0;0;0;0;0;0.021851051071904;0.0106850798489915;0.00888838308815043;0.0170436571444547;0;0;0;0;0;0
"ZNF84";0;0;0;0;0;0;0;0;0;0.00281420179065168;0;0;0;0;0;0;0;0
"ZNF211";0;0;0;0.119024543738511;0;0;0;0.621291493344413;0.019453359044585;0;0;0;0;0;0;0;0;0
"ZNF333";0;0;0;0;0;0;0;0;0;0;0;0;0;0;0;0;0;0
"ZNF443";0;0.15540787863995;0.204066132829;0.00663273093938739;0;0.0751816984866365;0.873467050269444;0.251589697316929;0.22846803114392;0;0;0;0;0.0246089095710277;0.416956696954874;0.38673818199533;0.204988501568436;0.13343098840882
"HIC1";0;0;0;0.0346442725748591;0;0;0;0;0;0;0;0;0;0;0;0;0;0
"MEIS3";0;0;0;0;0;0;0;0;0;0;0.00599089268188254;0;0;0;0;0;0;0
"TGFB1I1";0;0;0;0.0244547081036008;0;0;0;0;0;0;0;0;0;0;0;0;0;0
"MSC";0;0;0;0;0;0;0;0;0;0;0;0;0;0;0;0;0;0
"PRRX2";0;0;0;0;0;0;0;0;0;0;0;0;0;0;0;0;0;0
"TWIST1";0.0827548236554859;0;0.00979723412459388;0;0;0.0762364363377087;0;0;0;0.071875967159415;0;0.0824018699308691;0;0;0;0;0;0
"AEBP1";0;0;0.185454119606274;0.0547810349724487;0;0.0543166595700464;0;0;0;0.029835556309364;0;0;0;0.049248903090173;0.154303676025837;0;0;0
"NAP1L3";0;0;0;0;0;0;0;0.018698250463659;0;0;0;0;0;0;0;0;0;0
"GLIS2";0.0458198502946047;0.00567342783218301;0;0;0;3.45495655080719e-05;0;0;0;0;0;0;0;0;0;0;0;0
"TBX5";0;0;0;0;0;0;0;0;0;0;0;0;0;0;0;0;0;0
"TWIST2";0;0;0;0.107895875257142;0;0;0;0;0;0.030994120816482;0;0;0;0;0;0.0420202039111968;0;0.216772907634268
"PRRX1";0;0;0;0;0.309034150269276;0;1;0;0.0947399049961633;0;0.0442305672211164;0;0;0.492596622131302;1;0;0.194400138671744;0
"HAND2";0;0.00943709612371453;0.0449416260201227;0;0;0;0.218573980849355;0.245764902051274;0;0.084132258042413;0;0;0.017774685610026;0.0143801960609939;0;0;0.159656011709163;0
"CSDC2";0;0.167302919646978;0.390875732946709;0;0.189772570412206;0.313859581992826;0.102739018142648;0;0;0.0738929860225524;0;0;0;0;0.302262482767951;0;0.195808924990655;0
"GLIS1";0;0;0;0;9.38400123125348e-05;0;0;0;0.00919616133486021;0;0;0;0;0;0;0;0;0
"PTRF";0;0;0;0;0;0;0;0;0;0;0.2430021568877;0;0;0;0.00644369969028231;1;0;0
"GLI2";0;0;0;0;0;0;0;0;0;0;0;0;0;0;0;0;0;0
"ZNF469";0;0;0;0.0099994931014755;0;0;0;0;0;0;0;0;0;0;0.155234808247769;0;0;0
"ETV1";0.0242741820056684;0.000103557721898703;0;0;0;0;0;0;0.0759524263725339;0;0;0;0;0;0;0;0;0
"ZFPM2";0.0483660249620091;0;0;0.0219707200598693;0;0;0;0;0;0;0;0;0;0;0;0;0;0
"ZNF195";0;0;0;0;0;0;0;0;0;0;0;0;0;0;0;0;0;0
"ZNF345";0;0;0;0;0;0;0;0;0;0;0;0;0;0;0;0;0;0
"ZFP62";0;0;0;0;0;0;0.0513565033705593;0;0;0;0;0;0;0;0;0;0;0
"ZNF253";0;0;0.178281470059461;0.0871756235799347;0.00970541243021195;0;0;0;0;0;0;0;0;0;0;0;0;0
"ZNF440";0;0;0;0;0;0;0;0;0;0;0.0973341882832471;0;0.00815953816739799;0;0;0;0;0.119638028440947
"ZNF627";0;0;0;0;0;0;0;0;0;0;0;0;0;0;0;0;0;0
"ZKSCAN1";0;0;0;0;0;0;0;0;0;0;0;0;0;0;0;0;0;0
"ZNF33A";0;0;0;0;0;0;0;0.200216553544066;0;0;0;0;0;0;0;0.725402164105347;0;0
"RERE";0;0.00391351165968157;0.197734347778408;0;0.245803630400376;0.118504434973682;0;0;0.0972192248197315;0;0;0;0;0;0.236870793831958;0;0.0915904361550003;0.0389138795061202
"ZNF518A";0;0;0;0;0.0298673844661252;0;0;0;0;0;0;0.371542445470712;0.0163151913754943;0;0;0;0;0
"STAT4";0;0;0;0;0;0;0;0;0;0;0.142849931283443;0;0;0;0;0;0;0
"TBX21";0;0;0;0;0;0;0;0;0;0;0;0;0;0;0;0.134249956099876;0;0
"RUNX3";0;0;0;0;0;0;0.727786506289093;0;0;0;0;0;0;0;0;0;0;0
"LYL1";0;0;0;0;0.149879829388841;0;0;0;0;0;0;0;0;0;0;0;0;0
"SPI1";0;0;0;0;0;0;0.287106472474735;0;0;0;0;0;0;0.0174812510467262;0.356034884559158;0;0;0
"SLA2";0;0;0;0;0;0;0.17893300450164;0;0;0;0;0;0;0;0;0.124122292873943;0;0.0356840339953883
"SNAI1";0.00860332821873413;0.139355482860656;0.026814757714968;0.0081415124635309;0;0.000918716970552444;0.462247627116031;0;0.0187357193727505;0;0;0;0;0.0561122319753743;0;0.0985937061945588;0;0.178886030973319
"MNDA";0;0.0452168801205972;0;0;0;0;0;0;0;0;0.395646749527399;0;0;0;0;0;0;0
"VENTX";0;0;0;0.0854704101195;0;0;0;0;0;0;0;0;0;0;0;0;0;0
"IRF8";0;0;0;0;0;0;0;0;0;0;0;0;0;0;0;0;0;0.185915870073841
"FLI1";0;0;0;0;0;0;0;0;0;0;0;0;0;0;0;0;0;0.0087233747615495
"TFEC";0;0;0;0;0;0;0;0;0;0;0;0;0;0;0;0;0;0
"FOXP3";0;0;0;0;0;0;0;0;0;0;0;0;0;0;0;0;0;0
"IRF4";0.144577912520223;0;0;0;0;0;0.0524399262613163;0;0.0579676834756271;0;0;0;0;0.186529029460352;0.0990398938816642;0.183437584450106;0;0.366622470917018
"CIITA";0;0;0;0;0;0;0.132142045570641;0;0.0215616674188346;0;0;0;0;0.0234025128385595;0;0;0;0
"TOX";0;0.0107978959087065;0;0;0;0.00906382218654295;0;0.0224579857444005;0;0.00909073734049458;0;0.00115732629456861;0;0;0;0;0.00685010916463208;0
"HES2";0;0.068100758120847;0;0;0;0;0.24275475796764;0.191200446549287;0.14307052484349;0.0109862893474886;0;0;0.000529493169368255;0;0.320733614355334;0;0;0
"SOX15";0.0428533061357178;0;0;0.00999817754817565;0.0460361019460553;0.0185369607372871;0.0879319302045443;0.00839982626835173;0.038720245535169;0.039104268993122;0;0.09226393731118;0.0336956606052594;0.0298529577637744;0;0;0.120201808744026;0
"EDF1";0;0;0;0;0;0;0;0;0.214752240760785;0;0;0;0;0.0615691108258996;0;0.0297692435325867;0;0
"SCAND1";0;0;0;0.00279363160464;0;0;0.0278112203901085;0;0;0;0;0.0481803377249516;0;0;0;0;0;0
"ZNF524";0;0;0;0;0;0;0.0278043921530136;0;0;0;0.00214353209303419;0;0;0;0;0;0;0
"GLI4";0.0103203027187513;0;0;0;0;0.00365289567361893;0;0.00431948072501033;0;0;0.00398350600345094;0;0.00528617331864565;0.0685422534803726;0;0.00033591987626355;0;0.026831351826188
"ZNF688";0.0628514647979477;0;0;0.0491391713870022;0;0;0;0;0;0;0;0;0.0146805577505625;0;0;0.0313370424669754;0;0
"ANKS3";0;0;0;0;0;0.00820051113590261;0.0106903916738832;0;0.023030177572619;0;0.0681311699426453;0;0;0;0;0;0;0
"IRF1";0;0;0;0;0;0;0;0;0.242799431682557;0;0;0;0;0;0.0647220209092303;0;0;0
"SP140";0;0;0;0;0;0;0;0.0142271368067887;0;0;0;0;0;0;0;0;0;0
"STAT1";0.181948854486503;0;0.997310656338956;0.0260778918365424;0;0;0.259860666389745;0;0;0;0;0;0;0.236276255390736;0.574421886534555;0;0.0863929645743237;0
"TNFAIP3";0.0461771280334906;0.0216707800492365;0;0;0;0.045306964047343;0.0684724568899997;0;0;0.0101612171917454;0;0;0;0;0;0.00939336720504076;0;0
"BIN1";0;0;0;0;0;0;0.116885166306321;0;0.230960371306156;0;0;0;0;0.016875998151322;0;0;0;0
"EOMES";0;0;0;0;0.0650938492688949;0.0461230495376722;0;0.173056511649894;0.197443138181358;0.052814828034267;0;0;0;0;0;0;0.00602727245881053;0
"CREB5";0;0;0;0.068339452854629;0;0;0.0359949206704759;0;0;0;0.0614659609469196;0;0;0.0621726500830194;0;0;0;0.239810884438835
"ZNF397";0;0;0.0172069218433863;0.00840630540300754;0;0;0;0;0;0;0;0;0;0;0;0;0;0
"HCLS1";0.0231170236095021;0.00624008167704393;0.0214509909844587;0;0;0.0202461306174084;0;0;0;0.00179686787600177;0;0.00867219740936944;0;0;0;0;0.0127642446100008;0
"PDLIM4";0;0;0;0.0368443512459682;0.0212391914588485;0;0;0.32715723532634;0;0;0;0;0;0;0;0;0;0
"TSHZ3";0;0;0;0;0;0;0;0;0;0;0;0;0;0;0;0;0;0
"TRPS1";0;0.0357249911279816;0.0326180052330892;0;0.0493365029281302;0.0132007719871321;0;0;0;0.0260245430922608;0.414530642837202;0;0;0;0.0637047051038932;0;0;0
"GTF3C4";0;0;0;0.0631990091344024;0;0;0;0;0;0;0.0839985350095753;0;0;0;0;0;0;0.0359865058907328
"GTF2H3";0;0;0;0;0;0;0;0;0;0;0;0;0;0;0;0;0;0
"GTF2I";0;0;0;0;0;0;0;0;0;0;0;0;0;0;0;0;0;0.0580138281266985
"VHL";0;0;0;0;0;0;0;0;0;0;0;0;0;0;0;0;0;0
"NCOR1";0;0;0;0;0;0;0;0;0;0;0;0;0;0;0;0;0;0.00700019722211914
"EYA3";0;0;0;0;0;0;0;0;0;0;0;0;0;0;0;0.0200486208524657;0;0
"ATF7IP";0;0;0;0;0;0;0;0;0;0;0;0.022911153296944;0;0;0;0;0;0
"TAF1L";0;0;0;0.000142530036073013;0;0;0;0;0;0;0;0;0;0;0;0;0;0
"BDP1";0;0;0;0;0;0;0;0;0;0;0;0;0;0;0;0;0;0
"ATF2";0;0;0;0;0;0;0;0;0.0479002398691058;0;0;0;0;0.07165099812313;0;0;0;0
"ZBTB39";0;0.00451610864770178;0;0;0;0;0;0;0;0;0;0;0;0;0;0;0;0.0217292306575481
"ZNF551";0;0;0;0.0330884953151561;0;0;0;0;0;0;0;0;0;0;0;0;0;0
"AFF4";0;0;0;0;0;0;0;0;0;0;0;0;0;0;0;0.0260617786843517;0;0
"SHPRH";0;0;0;0;0;0;0;0;0.0800632479547458;0;0;0;0;0;0;0;0;0
"NCOA2";0;0;0;0;0;0;0;0;0.0468557360102552;0;0;0;0;0;0;0;0;0
"ZNF623";0;0;0;0.0180303401026359;0;0;0;0;0;0;0;0;0;0;0;0;0;0
"EPC1";0;0;0;0;0;0;0;0;0;0;0;0;0;0;0;0.0233283283623598;0;0
"CLOCK";0;0;0;0;0;0;0;0;0.300139060588643;0;0;0;0;0;0;0.222098132201692;0;0.122893296644414
"ADNP";0;0;0;0;0;0;0;0;0;0;0.00121957703665264;0;0;0;0;0;0;0.173749855353747
"ZNF430";0;0;0;0;0;0;0;0;0;0;0;0;0;0;0;0;0;0
"REL";0;0;0;0;0;0;0;0.00165036402903939;0;0;0;0;0;0;0;0;0;0
"EP300";0;0;0;0;0;0;0;0;0;0;0;0;0;0;0;0;0;0
"ZNF81";0;0;0;0;0;0;0;0;0;0;0;0;0.00333473842352653;0;0;0.0455340323026292;0;0
"ARID1A";0;0;0;0;0;0;0;0;0;0;0;0;0;0;0;0;0;0
"REST";0.00400097220500427;0;0;0;0;0;0;0;0;0;0;0;0;0.0614132131576357;0;0;0;0
"ZNF641";0;0;0;0;0;0;0;0;0;0;0;0;0;0.0329975542250273;0;0;0;0
"GTF2A1";0.02740961368512;0;0;0;0;0;0;0;0;0.164807392919981;0;0.616125815209852;0.0321899310291492;0.130757445688444;0;0;0;0
"ETV3";0;0;0;0;0;0;0;0;0.0745653242540085;0;0;0;0;0;0;0;0;0
"APC";0;0;0;0;0;0;0;0;0.0888346877478807;0;0;0;0;0.0269039800447994;0;0.0664731290284657;0;0
"ASH1L";0.0552580663459006;0;0;0.0484548966516326;0;0;0;0;0;0;0;0;0;0;0;0;0;0
"MYOCD";0.02002461302674;0.0253744049273234;0;0;0.00549766205827948;0;0.0565480107859333;0;0;0;0;0.0244040798139848;0;0.011069633859098;0.0320404842197326;0.0224668003499444;0;0.0385481440440841
"ZNF225";0.00356702784286075;0;0;0;0;0;0;0;0;0;0;0;0;0;0;0;0;0
"MKL2";0;0;0;0;0;0;0;0;0;0;0;0;0;0;0;0;0;0
"PCBD1";0;0.0771320358258454;0;0;0;0.00174449618087403;0;0;0;0;0;0;0.0561829048756832;0;0.0180933830082593;0;0;0
"TBX3";0;0;0;0;0;0;0;0.601501245467969;0;0;0.45516869489296;0;0.119412836663555;0;0.124606976053334;0;0.0633175361296522;0.0739340172269321
"TOB1";0;0;0;0;0;0;0;0;0;0;0;0;0;0;0;0;0;0.00510509740247366
"BTG2";0;0.172760629546349;0.0948365118600181;0;0.0990168434186027;0.0144320974193052;0;0;0;0;0;0;0.0026821902545068;0;0;0.00341444029368788;0;0
"SOX17";0;0.000813358555848748;0;0;0;0;0.106891942979609;0;0;0;0;0;0;0;0.040775333054005;0;0.034800246742243;0.032167863942062
"BCL6B";0.0206200298825376;0;0;0;0.0136055613370123;0.0534271846040057;0;0;0.0886327519292804;0.025786626287303;0;0.0820666734673743;0;0;0;0;0;0
"MEF2C";0.182250208407981;0;0.0968958428947119;0;0.0404718158600393;0.076694361997592;0;0.129488744411547;0;0.0700041095449598;0;0;0;0;0.132545130065107;0;0;0
"TEAD4";0;0.0940025364827173;0.227679317436861;0.0297806885086432;0;0.152622919224695;0;0.233047109631646;0;0;0.349780518630696;0.596728131446778;0.073185845517808;0;0.0976661320112338;0.762308962178167;0.113416311614404;0.16895315345008
"HMGA2";0;0.158377017377637;0.0980141153366745;0;0;0;0;0;0.0430248566656008;0.0132965035457186;0;0.321193308778199;0.0480390005888292;0.00855630320704831;0;0.0599736540049004;0.0903169374944908;0
"PIR";0.00453850925169844;0;0.00249331454317638;0;0.000254999099127883;0.00327294019188696;0.00138657354211626;0.00495213984015573;0.00643973716254567;0.00181705328653588;0;0;0;0.00216485086869705;0.00482433289591954;0.00180353005079719;0;0.00484950354583414
"HEYL";0;0;0;0;0;0;0;0;0;0;0;0.0179246918387129;0;0;0;0;0;0
"TCF4";0;0;0;0;0;0;0;0;0;0;0;0;0;0;0;0;0;0
"LDB2";0.0368509502475214;0.0492170068466952;0.0892497417036402;0;0.00323632357709247;0.0300233829067175;0.0653856784201394;0.10603711242298;0.152108672931671;0;0;0;0;0;0.103353961215082;0;0;0.176957537150562
"ERG";0;0;0;0;0.00310238279994623;0.0379573066078321;0.0753740555656583;0.128853179811706;0.0115649646681352;0;0;0;0;0.0101356381144213;0.0513452005852239;0;0;0
"LZTS1";0;0;0;0;0;0;0;0;0.0127471333498977;0;0;0;0;0;0;0;0;0
"GLIS3";0;0;0;0;0.0146646608040664;0.00537485890294081;0.00910745102153074;0.0133903171656257;0;0.00828264632063823;0;0.00181021554503606;0;0;0;0;0;0
"GFI1";0;0;0;0;0;0;0.0412628464983436;0;0;0;0;0;0.0635755628549428;0;0;0;0;0
"FOXD1";0.0382004141763165;0;0;0;0;0;0;0;0;0.00101071922078804;0;0;0;0.0322416810400769;0.0486349680783007;0;0;0
"WWTR1";0.000527643886758818;0.0107873970151889;0;0;0;0.00503989162785062;0;0;0;0.0281531636995753;0;0;0.00173804343451579;0;0;0;0;0
"BACH2";0;0;0;0;0;0;0;0;0;0;0;0;0;0;0;0;0;0
"EGR2";0;0;0;0;0;0;0;0;0;0;0;0.0151107164983237;0;0;0;0;0;0
"EZH2";0;0;0;0;0;0;0.00260627095096257;0;0;0;0;0;0;0;0;0;0;0
"ZNF436";0.0241720267191544;0;0;0;0;0;0;0;0;0;0;1;0;0;0;0;0;0
"ELF3";0;0;0;0;0;0;0;0;0;0;0;0;0;0;0;0;0;0
"ZNF205";0;0;0;0;0;0;0;0;0;0;0;0;0;0;0;0;0;0.0046170656087398
"ZNF165";0;0;0;0;0;0;0;0;0;0;0;0;0;0;0;0;0;0
"ZFPM1";0;0;0;0;0;0.00516095345933898;0;0;0;0;0;0;0;0;0;0.00962250686468858;0.00401744329391991;0.00125140127574869
"HES1";0;0;0;0;0;0;0;0;0;0;0;0;0;0;0;0;0;0
"ZNF513";0;0;0.654511162145577;0;0.0018610510980853;0;0;0;0.0425309375404891;0;0;0;0.0108553611728274;0;0;0.00838290900622242;0;0
"FOXH1";0;0;0;0;0;0;0;0;0;0;0;0;0.00751129107619815;0;0;0;0;0
"TEAD3";0;0;0;0.102776326733273;0;0;0;0.0111285746850252;0;0;0.0224373391946915;0;0;0;0;0;0;0
"AES";0;0;0;0.213625510468131;0;0;0;0;0;0.0267834112968001;0;0;0;0.0238750079369141;0;0;0;0
"POU5F1";0.00279388518193634;0;0;0;0;0;0;0;0;0;0;0;0.00086670027310295;0;0;0;0;0
"TBX6";0;0;0;0;0;0.00232334390134479;0;0;0;0;0;0;0;0;0;0;0;0.0405880404768911
"ZNF554";0;0;0;0;0;0;0;0.00558443264085472;0;0;0;0.280941259165399;0.00532226859631393;0;0;0;0;0.00407378769527632
"ZBTB32";0;0.00875455296349559;0;0;0;0.0050129356056674;0;0.0035780437962101;0;0.00615053450886512;0;0;0;0;0;0;0.00487198355240263;0
"POU2F2";0;0.00603435620977075;0;0;0;0.00412508171554596;0;0;0;0.0124585690146676;0;0.00222105557322671;0;0;0;0;0.00509227375849667;0
"KLF2";0;0.0118793982028503;0;0;0;0;0;0;0;0;0;0;0;0;0.0232083802650485;0;0;0
"TFAP2A";0.0034487849670325;0;0;0;0;0;0;0;0;0;0;0;0;0;0;0.0772395471342315;0;0
"IRF9";0.00177229672186556;0;0;0.00228298316563504;0;0.00942462892621154;0.0257793729833278;0;0;0.00976407202102903;0;0;0;0;0.00924616782758086;0.00304818199530972;0;0.00142232881273254
"SP110";0.00378560292796189;0;0;0;0.0436041557761334;0.0120688812810198;0.0123364089615819;0;0;0.0210962895763602;0;0;0;0;0;0;0;0
"NOTCH4";0.00178029131035975;0;0.0370408077066198;0.00885773492431043;0.0103102029151955;0.00854379797555766;0;0;0;0.0034696597508054;0;0.00166020717531583;0;0;0.0405612884624975;0;0;0.00453064121020976
"RXRA";0.123329560381874;0;0;0;0;0;0;0;0.000215491710374315;0;0;0;0.0504832228383049;0.000887052183421563;0;0.00521053053047226;0.00110358550180963;0
"BARX2";0.012844348587905;0;0;0;0;0;0;0;0;0;0;0;0;0.00867007924892793;0;0.0574579847982459;0;0
"EBF1";0;0;0;0;0;0;0;0;0;0;0;0;0;0;0;0;0;0
"FOXF1";0;0;0;0;0;0;0;0;0.0186106650746046;0;0;0;0;0;0;0;0;0
"FHL5";0;0;0;0;0.044461595772934;0;0.00841749410007698;0;0.030347181812649;0.010287720197629;0;0;0;0;0.0119189598968412;0;0;0
"EBF3";0;0;0;0;0;0;0;0;0;0;0;0.0890018349117985;0;0.00964618893579841;0;0;0;0
"ARNTL2";0;0;0;0;0;0;0;0;0.0103183039350843;0;0.0182989794832336;0;0;0;0;0;0.0107701106461558;0
"MCM2";0;0;0;0;0;0.33312232383266;0.0808106151789913;0;0.100069259629413;0;0;0;0;0;0;0;0;0
"BRCA1";0;0.0114772800529536;0;0.0253111909354568;0;0;0.00686200025639733;0;0;0;0;0;0;0;0;0;0;0.0195302601263481
"DEK";0.0187561325339507;0;0;0;0;0.22248678583267;0;0;0;0;0;0;0;0.140901182481726;0;0;0;0
"E2F7";0;0;0;0.0130727656360195;0.0143572066448464;0;0;0;0;0;0;0;0;0;0;0;0.0463094778333486;0
"MCM4";0;0;0;0;0.055411618150199;0;0;0;0;0;0;0;0;0;0;0;0;0
"TIMELESS";0;0;0;0;0;0;0;0;0;0;0.00197515145687185;0;0;0;0;0;0;0
"MCM8";0;0;0;0;0;0;0;0;0;0;0;0;0;0;0;0;0;0.00316241478638981
"WHSC1";0;0;0;0;0;0;0;0;0;0;0;0.122859930550173;0;0;0.0181061681897326;0;0;0
"WDHD1";0.0634043330474855;0;0;0;0;0;0.0559562865138981;0;0;0;0.127972409149762;0;0;0;0;0;0;0
"TFDP1";0;0;0;0;0.0357208502619897;0.40345142833992;0;0;0.0548660112116376;0;0.129293405696098;0;0.00144234571085931;0;0;0.00742079410780496;0.0360966071563375;0
"ANKRD32";0;0;0;0;0;0;0;0;0;0;0;0;0;0;0;0.00230719332479606;0;0
"BARD1";0;0;0;0;0;0;0;0;0;0;0.0798486636065159;0;0;0;0;0;0;0
"BRCA2";0;0;0;0;0;0;0;0;0;0;0;0;0;0;0;0;0;0
"DNMT1";0.0710232234977064;0;0.299430393191352;0;0.0307449784537124;0;0.148154469786685;0;0.0548708313902055;0.107918563635207;0;0.0257419109744968;0;0;0;0.0785476735627961;0;0.0914845673652176
"BRIP1";0;0;0;0;0.0145785528259318;0;0;0;0;0;0;0;0;0;0;0;0;0
"RBL1";0.000442215380236561;0;0.576836523080252;0;0;0;0;0;0;0;0;0;0;0;0;0;0;0
"NFKBIA";0;0;0;0.000589303416809585;0;0;0.00235951829314801;0.000221112065019996;0;0;0;0.000612625024892132;0;0.00156444851827181;1.40944384988523e-06;0.00131302368456685;0.000836908239297245;0.00144651303306704
"NFKBIZ";0;0;0;3.92267827066116e-18;0;0;1.61996380342684e-17;2.37484828955319e-18;0;0;0;1.93070447211844e-18;0;1.05596335590684e-17;8.11701652294079e-19;8.04199460290821e-18;5.77032080373933e-18;1.03501030587579e-17
"MYBL2";0;0;0;0.0140862666732307;0;0;0;0.0175848363599206;0;0.0062308753276416;0;0.0541444733994763;0.0203698900924358;0.0479831619161582;0.0201483684672879;0.0469123078993003;0;0.0286807211334489
"TRIP13";0.0418838736375486;0;0;0.000213870615406632;0;0;0.0209283147458678;0.0029261427080917;0.136616655788507;0.0086846572968352;0;0;0.00691419709280168;0;0;0;0;0.0144910223551816
"ESPL1";0;0.0338447784046799;0;0;0;0;0;0;0;0;0;0;0;0;0;0;0;0
"PTTG1";0;0.0558386705672121;0;0;0;0;0.0380178649929595;0.0388126785971255;0;0;0;0;0;0.0682697591093017;0.0218775591349828;0.0760057055256998;0.0626457146136223;0.0604884020372958
"MCM5";0;0;0;0;0;0;0;0.0387796833818503;0;0;0;0;0;0;0.00742186380313621;0;0;0.0121974402753282
"TCF19";0;0;0;0.0180551110244082;0;0;0;0;0;0;0;0.0110857157245366;0;0;0;0;0;0
"HMGB2";0;0;0;0;0;0;0;0.0101756785478401;0;0;0;0.0379335188834155;0;0;0;0;0;0
"TAF13";0;0;0;0;0;0;0;0;0;0;0;0;0;0;0;0;0;0
"KLF7";0;0;0;0;0;0.00646881500465414;0;0;0.000906655681975731;0;0;0.0317170437636577;0;0;0;0;0;0
"ASCC3";0;0;0;0;0;0;0;0;0;0;0;0;0;0;0;0;0;0
"ELK3";0.015162979805021;0;0;0;0;0;0.0392596738875098;0;0;0.0555464946387581;0;0.0262822708419095;0;0;0;0;0;0
"NOTCH2";0.0171532895014732;0;0;0;0;0.0161206558200243;0.00494181551494154;0.0513548934645961;0;0;0;0;0;0;0.00161176903787897;0.00678255984847353;0;0
"MLXIP";0.00886154004710192;0.00175731482511955;0.00239128989845863;0;0;0;0.014678954424535;0.00744964173706899;0;0.00926981529011622;0.00891344379845067;0.0111163982107203;0;0.00074579013887154;0;0.0228386915896356;0;0.0136309923897597
"ZNF230";0;0;0;0;0;0;0;0;0;0;0;0;0;0;0;0;0;0
"ZNF92";0;0;0;0;0.0124840978801311;0;0;0;0;0;0;0;0;0;0;0;0;0
"ZNF566";0;0.00218310376662034;0;0;0;0;0;0;0;0.0307032354675683;0;0;0.0525921315959245;0;0;0;0;0
"TAL1";0;0;0;0;0;0;0;0;0;0;0;0;0;0.00657843998595198;0;0.00686828461910445;0;0
"KLF9";0;0;0;0;0;0;0;0;0;0;0;0;0;0;0;0;0;0
"HEY2";0.00655550085132512;0.00206057347165204;0;0;0;0;0;0.00159654852025627;0;0.00610766360551469;0;0;0;0;0;0;0.00442552087757434;0.00144045977328717
"LEF1";0;0;0;0;0;0;0;0;0.00527533377850289;0;0;0;0;0;0;0;0;0
"TCF21";0;0.00446227631722817;0;0;0;0;0.0424152093385678;0;0.019778601561987;0;0.086748779925082;0;0;0.0311385300429769;0.0283176009776623;0.0506439705766997;0;0.0188541155982232
"ENO1";0;0;0.193390448743553;0.110612819255704;0;0.0972576084220955;0;0;0.0622142067452166;0;0;0;0.0143079915109832;0;0.0195025905319269;0.0149878463120701;0;0.00252201725712961
"EEF1A1";0;0;0;0.000269715483102043;0;0.0106894642964527;0.0216941639649585;0.0293811144747704;0.0162418350531471;0;0;0;0;0;0;0.00677980768836761;0;0
"E2F1";0;0;0;0;0;0;0.0318900303807145;0;0;0.0114634832228576;0;0;0;0;0;0;0;0
"KNTC1";0;0.00203034318721726;0;0;0;0;0;0;0;0;0;0;0;0;0;0;0;0.0103131875410319
"ZSCAN2";0;0;0;0;0;0;0;0;0;0;0;0;0;0;0;0;0;0.00447333493570396
"CXXC1";0;0;0;0;0;0;0;0;0;0;0;0;0;0;0;0;0;0
"MAML3";0;0;0.00115407473621135;0;0;0;0;0;0;0;0;0;0;0;0;0;0;0
"ZSCAN16";0;0;7.87335473362803e-05;0;0.00384143348586442;0.212458682681037;0;0;0;0;0;0.255063853222295;0;0;0.116798718620273;0.0433239773955147;0;0
"KLF15";0;0;0;0;0.00511724299468564;0;0;0;0;0;0;0;0.0700420099712287;0;0;0.00752583610800753;0;0
"EMX2";0;0.036571369469528;0;0;0;0;0;0;0.0178346061297249;0;0.0927837644152738;0.12589079657297;0.00538668701628273;0;0.00214078996374112;0;0.0385009732885532;0.0148594718492405
"NR2C2";0;0;0;0;0;0;0;0;0;0;0;0;0;0;0;0;0;0
"ZNF236";0;0;0;0;0;0;0;0;0;0;0.161312059725467;0;0;0;0;0;0;0
"TAF1";0;0;0;0;0;0;0;0;0;0;0;0;0;0;0;0;0;0
"GLI1";0;0;0;0;0;0;0;0;0;0;0;0;0;0;0;0;0;0
"PRDM6";0;0;0;0;0.00326512367526313;0.00243554697561716;0.000984983960970365;0;0.00923224888279509;0;0;0;0;0;0.00122726679314876;0;0;0
"NDN";0;0;0;0;0;0;0;0;0.000999299177937374;0;0;0;0;0;0;0;0;0
"RREB1";0;0;0;0;0;0;0.0058865703497283;0;0;0;0;0;0;0;0;0;0.00808329618663438;0
"NFXL1";0;0.00160090756522002;0;0;0;0.00191223346586837;0.00916553557663566;0;0;0;0;0;0;0;0;0;0;0
"BTAF1";0;0;0;0;0;0;0;0;0;0;0;0;0;0;0;0;0;0
"ZNF234";0.00217123959106827;0;0;0;0;0;0;0;0.00511694350096119;0;0;0;0;0.00058207013274945;0;0;0;0
"ZNF292";0;0;0;0;0;0;0;0;0;0;0;0;0;0;0;0;0;0
"ELK4";0;0;0;0;0;0;0;0;0;0;0;0.0261883503663643;0.00850335561742799;0;0;0;0;0.072218554205243
"RBL2";0;0;0;0;0;0;0;0;0;0;0;0;0;0;0;0;0;0
"ZNF121";0.00058203531460952;0;0;0;0;0;0;0;0;0;0;0;0;0;0;0;0;0.0299888489693393
"ZNF507";0;0;0;0;0;0;0;0;0;0;0;0.0261790277974753;0;0;0;0;0;0
"ZNF587";0;0;0;0;0;0;0;0;0;0;0;0;0;0;0;0;0;0
"ARID4A";0;0;0;0;0;0;0;0;0;0;0;0;0;0;0;0;0;0
"EHF";0;0;0;0;0;0.00173021985121351;0;0;0;0;0.00313579672782381;0;0;0.00101329739200277;0;0;0;0
"ZDHHC21";0;0;0;0;0;0;0;0;0;0;0;0;0;0;0;0;0;0
"RYBP";0;0.00287802099672395;0;0;0;0.00153540949031275;0;0;0;0;0.00250378775129869;0.0613422358385582;0;3.01110982732923e-06;0;0;0;0
"TAF4";0;0;0;0.00573990999771574;0;0;0;0;3.48992880207312e-05;0;0;0;0;0;0;0.0377693981383903;0;0
"RBBP4";0;0;0.0757052509298798;0;0.0263556247543009;0;0;0;0.0247063831526925;0;0;0;0;0;0;0;0;0
"ZNF431";0;0;0;0;0;0;0;0;0;0;0;0;0.00149326684303412;0;0;0;0;0
"STAT3";0.0282089506192579;0;0;0.307369056430558;0;0.0139605840337735;0.071037393504865;0.0166946505710088;0.0691783281895261;0.00593819839095049;0;0.0448026792355527;0.0618165173424003;0.0119661031962028;0.0362560515279205;0.120773364624773;0.0294194799849553;0
"ATF6";0;0;0;0;0;0.0299416215681289;0.00663902133902099;0;0.000889009063533189;0;0;0;0;0;0;0;0.00134700731810337;0
"ZNF281";0;0;0;0;0;0;0;0;0;0;0;0;0;0;0;0;0;0
"CTNNB1";0.00587440873496203;0;0;0;0;0;0;0;0;0;0;0;0;0;0;0.0212298028590839;0;0
"ZNF689";0.065806696488862;0;0;0;0;0;0;0;0;0;0;0;0;0;0;0;0;0.0884504796982784
"NR4A3";0;0;0;0;0;0;0;0;0.00979175184406657;0;0;0;0;0;0;0;0;0
"EGR3";0;0;0;0;0;0;0;0;0.00256155625041825;0;0;0.000747076315604887;0;0;0;0;0;0
"MEOX2";0;0;0;0;0;0;0;0;0;0;0;0;0;0;0;0;0;0
"MITF";0;0;0.0102796837049826;0;0;0;0.0114321940508906;0.00913392914578695;0;0.000642270908845235;0;0.0126923464607505;0;0;0;0.0101949298769978;0;0
"MKX";0;0;0;0.00270707035977031;0;0.00946668958086249;0;0.00166201538390034;0.0228880513505329;0;0.00294736175094997;0.00956254586101588;0;1.31626016303572e-05;0;0;0;0.000740297969231369
"SP100";0;0.00713975687593622;0;0;0;0;0;0.000803407306882947;0;0;0;0;0;0;0.00598438997002859;0.00515722183469133;0;0
"STAT2";0.00565045121122401;0;0;0.00697110960652491;0.00379411106922851;0.000734850103671578;0.0138752574373021;0;6.65166043022804e-05;0;0;0;0;0;0;0.00591599776844251;0;0
"TRIM22";0;0;0;0;0;0.0508283665398752;0;0.0420386994225626;0;0.00439620815900901;0;0;0;0;0;0.003845413359868;0;0
"PML";0;0.00182776626817702;0;0;0;0;0;0.0286046443375167;0;0.00404989987444663;0.0435220298655105;0;0.0257736201465686;0;0;0;0;0
"NR5A2";0;0.00363540031100459;0.00357141335366051;0.00342773523494018;0.00555526169910249;0.000222425670354415;0;0;0;0;0;0.0151166650782162;0;0;0.00371777835170875;0;0;0
"EGR1";0;0;0;0;0;0;0.00781494319352318;0;0.000452133380338599;0.00378473401512343;0.00491014538409601;0;0;0;0.00330744074805106;0;0;0
"NMI";0;0;0.00796697402061935;0;0;0;0;0.00453002307190223;0.0387321085942449;0.00155457957186128;0.0710642454177179;0;0.0809642704178061;0;0.0177611335421378;0.00170893436040959;0.0180127002538242;0
"ZNF367";0;0;0;0;0;0;0;0;0;0;0;0;0;0;0;0;0;0
"BAZ2B";0;0;0;0;0;0;0;0;0;0;0;0;0;0;0;0;0;0
"ZNF223";0;0;0;0;0.00507263144154257;0;0;0;0;0.000819327521289147;0;0;0;0;0;0;0;0
"ZNF136";0;0;0;0;0;0;0;0;0;0;0;0;0;0;0;0;0;0
"ZNF441";0;0.0220712119690497;0;0;0;0;0;0;0.0104303881667888;0.0146127979155351;0;0;0;0;0;0;0;0
"ZNF91";0;0;0;0;0;0;0;0;0;0;0;0;0;0;0;0;0;0
"AFF1";0;0;0;0.0140773521126482;0.00415700299347302;0;0.00116861058534058;0;0.021348251358068;0;0.0217928247441673;0;0.00483867004526937;0;0;0;0;0
"PPARG";0;0;0;0;0;0;0;0.0992616117692549;0;0;0;0;0;0;0;0;0;0
"GATA3";0;0;0;0;0;0;0;0;0;0;0;0;0;0;0;0;0;0
"NR3C1";0;0;0;0.000794203906879917;0;0;0.0344272286376525;0.034266055568821;0;0;0;0;0.00120985593871526;0.00107036760856378;0;0;0.103335023874379;0
"TTF2";0;0.000801993185929351;0;0;4.25361890683916e-05;0;0;0.00221906027096532;0.00202277932132618;0;0;0;0;0.000656076974747004;0;9.63240718258414e-05;0;0
"DAB2";0;0;0;0;0;0;0;0;0;0;0;0;0;0;0;0;0;0
"MEOX1";0;0;0;0;0;0;0;0;0;0;0;0;0;0;0;0;0;0
"TRIM25";0;0.00234111563312819;0;0.0018168819084103;0.000135433873191235;0;0.00595195909975898;0;0.00119254749422413;0;0;0.00842334989702558;0;0.000708264590537241;0;0.000505534284595614;0;0
"JRK";0;0;0.00321593674916196;0.00060278557197107;0.00708409126122463;0;0.00750316272479591;0.00594463075175859;0;0.00344910282334048;0;0;0.00996310110135843;0.000430738261818555;0;0.00583049578808413;0;0
"CRAMP1L";0;0;0.0262174295657953;0;0;0;0;0;0;0;0.00507802006587142;0;0;0;0;0;0;0.0105157466176942
"HIVEP3";0.000713248803404094;0;0;0;0;3.54672398459508e-05;0;0;0.00023996423386225;0;0;0;0;0;0;0;0;0
"SOX7";0.0184322856250826;0.0820330005903076;0.0630041075669893;0;0;0.0249930663941569;0;0;0;0;0;0.470993688583428;0;0;0.0120418099317623;0;0.0161587501743167;0
"POLR1B";0.0140519969660244;0;0;0;0;0;0;0;0;0.0143569295424189;0.0546515452870442;0;0;0;0;0.0343824180534824;0.0121450783008349;0.00885378063391159
"PIAS3";0;0.000992478716485276;0.00182775383747168;0;0.000206564009478972;0;0.00340185483515138;8.88461698724772e-06;0.00278891860019933;0.0016589069533145;0.00173552728628541;0;0.00907982535054653;0;0.00812675367587639;0.00569310977491874;0;0
"ELF1";0;0;0.0194582187607243;0;0;0;0;0;0;0;0;0;0;0;0;0;0;0
"DMTF1";0;0.0219150331048515;0;0;0;0;0;0;0;0.0182221015694756;0;0;0;0.00946232860099207;0;0;0.00539166092981973;0.00253819909070359
"ZNF493";0;0.00343760197510126;0;0;0;0;0;0;0;0.00264936355351725;0;0.00927551571499253;0;0;0;0;0;0
"ZNF14";0;0;0;0;0;0;0;0;0;0;0;0;0;0;0;0;0;0
"ZNF10";0.00369990415469757;0.00313832169770406;0;0;0;0;0;0;0;0;0;0;0;0;0;0;0;0
"RORC";0;0;0.00429231371078634;0;0.00313211179930271;0;0.00550705723657822;0;0;0.00265304861615785;0.0158258830423252;0.00549941429691138;0.0032129232477789;0.00121202556344626;0.00306883926924001;0.0210007252061269;0.00258546935471879;0.000362064057447775
"ELF5";0;0;0;0;0.0371503895611048;0;0;0;0;0;0;0;0;0;0;0;0;0
"SOX13";0;0;0;0;0;0;0;0;0;0;0;0;0;0;0;0;0;0
"TLE2";0;0;0;0;0.030654177910855;0;0;0;0;0;0;0;0;0;0;0;0;0
"MSX2";0;0;0;0;0;0;0;0;0;0;0;0;0.0485641042205275;0.00150779675265022;0;0;0.0135723251716746;0.00297228149743375
"HOXA13";0;0;0;0;0;0;0;0;0;0;0;0;0;0;0;0;0;0
"RUNX1T1";0.0015865825949306;0.000627274364411497;0;0;0;0;0;0;0.00173229544488921;0;0;0;0;0;0;0.000274894984862099;0;0
"AFF3";0;0;0;8.88551048112406e-06;0;0;0.00836651179056554;0;0;0;0;0;0;0.00302534326658232;0.00833101443785233;0.0117158523619598;0;0
"ZNF366";0;0.0065917164194644;0;0;0;0;0.00228737928816866;0;0;0;0.0196536037785255;0;0;0;0.00789744830449888;0;0;0
"POU2AF1";0.0030719498401635;0.00561455416501537;0.00336457037784991;0;0;0;0;0.0148454319193433;0;0;0;0;0;0;0;0.0112212166311031;0.00494261280393334;0
"TAF10";0.0280652346218037;0;0;0;0;0;0;0;0;0;0;0.0949715110682069;0;0;0;0;0;0
"APBB1";0;0.00450177360179231;0;0;0;0.000467054352310341;0;0.00185212166995535;0;0;0;0;0;0.00256698724660223;0;0;0;0
"NFATC1";0;0;0.00155596000379857;0;0;0.0008271814778167;0;0;0;0;0;0.00186838245334963;0;0;0;0;0;0
"IFI16";0;0.00579816950230686;0.00422815772162223;0.00406520175339413;0;0.00680305188040163;0.015936022344804;0;0;0.00334171333834407;0;0;0.000305632801614818;0.0048211377028626;0.000895768071382948;0.00649702175129054;0.00562035233429526;0
"GRHL1";0;0;0;0;0;0.01367179119829;0;0;0;0;0;0;0;0;0.00065488942417768;0;0;0
"POLR1A";8.2855479100229e-05;0;0;0;0;0;0.0154124344278714;0;0;0.00768428306151592;0;0;0;0;0;0.00415253545094508;0;0
"TCF12";0;0;0.00369505493868585;0;0;0;0;0;0;0;0.0365346759235747;0;0;0;0;0;0;0
"ZNF581";0;0;0;0.0152415116946002;0;0.0093990841173755;0.0153262793076273;0.00410214756539499;0.00512745379116371;0;0;0;0;0;0;0;0;0
"EIF2AK2";0.00327402297891323;0;0;0;0;0.00813428162345113;0.0182933782691093;0;0;0.0137203647568863;0;0.00213891714810685;0;0.00789885777623301;0;0.0221288864044026;0;0.00332215881143608
"TSC22D3";0;0;0;0.000354896725681703;0;0.000606505234174826;0;0.00298361679458697;0.00213432007132653;0;0;0.00296264269420884;0;0;0;0;0.000533578608691971;0
"KLF5";0;0;0;0;0;0;0.0166485768488359;0;0;0;0;0;0;0;0;0;0;0
"RARG";0;5.29791271799994e-05;0;0;0;0;0;0;0;0;0;0;0;0;0;0;0;0
"ID1";0;0;0;0;0;0;0;0;0;0;0;0.00958613503928908;0;0;0;0;0;0
"SMAD3";0;0;0.00091393018136683;0.00249817951893602;0;0.00108890317934717;0.00461688018105423;0;0.00379419454521554;0.00204331027850519;0;0;0;0;0.00234779251359913;0.00412856290161791;0;0
"KLF3";0;0;0.0209205781076386;0.0106761372752644;0.141041454267662;0.00681596302559918;0;0;0;0.00724654931384845;0;0;0.00884545322417572;0;0.0243486588872583;0;0;0
"RAI1";0.0597346671743362;0;0;0;0;0;0;0;0;0;0;0;0.0262102891161714;0;0.00628897289161278;0;0;0
"ZDHHC13";0;0;0;0.000720722102881259;0.00545479227614716;0;0;0;0;0;0.00622575245200168;0;0;0;0;0;0.00369171437765987;0
"TRIM31";0;0.00106800902849148;0;0;0;0;0;0;0;0;0;0;0;0;0;0;0;0
"SPDEF";0;0;0.00816165510431261;0;0;0.0040879189428713;0;0.0188963797820654;0;0;0.00299489871689525;0.00756562712323991;0;0.0177016935919229;0.00457389060123532;0.00125585950561445;0.0132027853651998;0.000405894900631216
"TBX4";0;0;0;0;0;0.00971774354013385;0.0207793081470784;0.0259536732237414;0.0119082121281554;0;0.0300556713330965;0.00267121742608581;0;0.0105469354088561;0.0178078619586465;0.00691372896942563;0;0.0166701681448367
"PEG3";0.000534992190405868;0;0;0;0;0;0;0;0.00111372005102824;0;0;0;0;0;0;0.00143491383161541;0;0.000120212052210233
"CBX7";0.000910097282044927;0;0.000927453250359691;0.000439200208227367;0.00123104800338668;0;0.00180846866883649;0.000471587975034527;0;0;0;0.00100036027814175;0;0.00112108471502677;0.00058413083441734;0;0;0
"LMO3";0.0163045800174783;0;0.008492395264713;0.00415973018470713;0.000870408546556152;0;0.00403066307133489;0;0.016069741259066;0.00898271847959582;0.00386776245403169;0;0;0.00391432006354083;0.0127744366990024;0.0138837885706871;0;0.0129636072801578
"PBX4";0;0;0;0.00675261254257784;0;0;0;0;0;0.000196802455422974;0;0;0;0;0.00277061308407142;0.0113390644448924;0;0.0089224694553948
"TLE6";0;0.0291392849387506;0.00183862940661221;0.00336550995676994;0;0;0;0;0;0;0;0.0276984590429895;0;0;0.0335673259529926;0.00691516810877653;0.0543007844920385;0
"ZFX";0;0;0;0;0;0;0;0;0;0;0;0;0;0;0;0;0;0
"EAF1";0;0;0;0;0;0;0;0;0;0.0108952854632501;0;0;0.00900769406007682;0;0;0;0;0
"ZBTB26";0;0;0;0;0;0;0;0;0;0;0.143804664687752;0;0;0;0;0;0;0
"CREM";0;0;0;0;0;0;0.107850147083796;0;0;0;0;0;0;0.0331939622144368;0.0327495678518566;0;0;0
"RELB";0;0;0;0.00299839462713123;0;0;0;0;0;0;0;0;0.00828944301707596;0.0111175139423222;0.122313636242024;0;0;0
"AR";0;0;0.0204904799862153;0;0;0.0106117775390909;0;0;0.00361302026309128;0;0;0;0;0;0;0.0279068466340366;0;0
"APBB2";0.0019952549561969;0;0;0;0.000602486430625066;0.000953320502336904;0;0.000932810944884242;0.00126199231005551;0.00218535154386209;0;0.0321275328901915;0;0;0.00153751013859856;0;0.000712154097394255;0
"HIF3A";0.00216592955422251;0;0;0;0.00103751331227071;0;0;0.0100117839938819;0.00345442878844874;0;0;0.000769846249702364;0;0;0;0.000530797878428755;0;0
"ZNF337";0;0;0;0;0;0;0;0.000545074385947199;0;0;0;0;0;0.000738952917426038;0;0;0;0
"HSF4";0;0;0;0.0136746200046438;0;0.0130963827596526;0.0163511950078795;0.00133197673312415;0;0;0;0.0102234791411378;0;0;0.0153087798375911;0;0;0
"JMJD1C";0.0276887709748949;0;0;0;0;0;0;0;0;0;0.162057976408644;0;0;0;0;0;0;0
"ZBTB38";0;0;0;0;0.00215141318429486;0;0;0;0;0;0;0;0;0;0;0;0;0
"TMF1";0;0;0;0;0;0;0;0;0;0;0;0.0048100823210909;0;0;0;0.0118258855589539;0;0
"ZNF124";0;0;0;0;0;0;0;0;0;0;0;0;0;0;0;0;0;0
"PHF8";0;0;0;0;0;0;0;0;0;0;0;0;0;0;0;0;0;0
"HMGA1";0;0;0.00203403279092368;0.00121402258605175;0.00192437640148087;0.00167558627095783;0;0.00277571312315345;0;0;0;0;0;0.00208247801204053;0;0;0;0.00234681492285266
"ZMYND11";0;0;0;0;0;0;0;0;0;0.0799845197484929;0;0;0.00283181951575165;0;0;0;0.0690118673401733;0
"SUZ12";0.0320090624569346;0;0;0;0.0123001954430983;0;0;0;0;0.00705400534399679;0;0;0;0;0;0.01421252218853;0;0
"TCF7L1";0.0016223301168318;0.00278282878510609;0.0086751833501881;0.00235767163102662;0;0.00216648747955952;0;0;0;0;0.00509578413323608;0.00222581040149267;0.00594175271914013;0.00291219607704126;0.0172074042875008;0.00163156432213543;0;0.000252335234766817
"MSX1";0;0;0;0;0;0.00152981860278062;0;0;0;0;0;0;0;0;0;0;0;0
"VAX2";0.00125845491904581;0;0;0;0.00200273936115658;0.00187625281564673;0.0034265426509655;0.00073400287094566;0.00226955969431529;0;0;0.0171898979335357;0;0.00278090202818887;0.0017556781127651;0;0;0.00171256255663891
"NCOA3";0;0.00180987581461159;0;0.0140528664203868;0.0113021555631677;0;0;0;0.0291223738256778;0;0;0.00222532906220366;0.000342045142442084;0;0;0.125130529094598;0;0.0029199089916053
"ZNF32";0;0;0;0;0;0;0.0502736185174244;0;0;0;0;0;0;0.130848344573448;0;0;0;0.0107931571261649
"TBX2";0;0.167491186755202;0;0;0.0540860986175825;0.540867658886654;0.134632970768326;0.0407179001122266;0.0972919837716726;0;0.271085369030738;0.122737162503288;0.131351468582043;0.0131392576591854;0.0235617310741759;0.185356191557939;0.0410949750671488;0
"ID3";0.0133742483014333;0;0.00331235165756158;0;0;0;0;0;0;0;0;0;0;0.00254997585240343;0;0;0.00752756774916298;0
"SMAD6";0;0.00034111979056054;0;0.00289142111337705;0;0.0036660179521232;0.00433656059906557;0.000140253991414386;0.00726024178439569;0.00485718246322126;0;0.00962815779087039;0;0.000860987917640984;0.00159937694628489;0.00381008738495849;0.00198235846235233;0
"ID2";0.00267210027056672;0;0.00224418598446072;0.00168599795383419;0.00767939201705132;0.00555698937326696;0.0108389772533073;0;0;0;0;0;0;0.00714320510406734;0;0.0200447213056939;0;0.000780461332431041
"RLF";0;0;0;0;0.00475481174740292;0;0;0;0;0;0;0;0;0.00922535702975816;0;0;0;0
"TOP2B";0;0;0;0.000954907072533253;0;0.00207479228704602;0;0;0;0.0105843445957847;0.0519662033500656;0;0.012935267683124;0.0080060016664765;0;0;0;0
"ZNF611";0;0.00240938129141858;0;0;0;0;0;0;0;0.00313672007310536;0;0;0;0;0;0;0;0.0299834135714865
"E2F2";0;0;0;0;0;0;0;0;0;0;0.000538791490078423;0;0;0;0;0;0;0
"TRIM24";0;0;0;0;0;0;0;0;0;0;0;0;0;0;0;0.00888157073304996;0;0.00193417541187679
"SOX4";0;0.00116097740252772;0;0;0.0012144646207639;0;0.00773831769053941;0;0;0;0;0;0;0;0;0;0.00167414461238036;0
"ZNF41";0;0;0;0;0;0;0;0;0;0;0;0;0;0;0;0;0;0
"TCEB2";0;0;0.059180958991669;0;0;0;0;0;0;0;0;0;0;0;0;0;0;0
"GATA6";0;0;0;0;0;0;0;0;0;0;0;0;0;0;0;0;0;0
"ZNF624";0;0.00985675486981764;0;0;0;0;0;0;0;0;0;0;0.037772861768712;0;0;0;0;0
"ZNF514";0;0;0;0;0;0;0;0;0;0;0;0;0;0;0;0;0;0
"HLF";0;0;0;0.00441344506260756;0;0.00876750981959728;0;0;0.0311648773084558;0;0.00470923284439714;0;0;0.00216559837627097;0.000313586585364562;0;0.00155451097481846;0.00096078421646536
"NPM1";0.0029681757615735;0;0.00970662989335952;0.00534837998901392;0;0.00620165037896551;0.00798443535713008;0.0151739226698002;0;0;0;0;0;0.00469798921628553;0.00966214021364956;0;0;0
"HDAC9";0;0;0;0;0;0;0;0.00105797830987662;0;0.000368747652677764;0;0;0;0;0;0;0;0
"FOXQ1";0;0;0;0;0;0;0;0;0;0;0;0;0;0;0;0;0;0.00418852088283271
"POLR2L";0;0;0;0;0;0;0;0.000968558761439153;0;0;0;0;0;0.00152790736440661;0;0;0;0
"ZNF593";0;0;0;0;0.181032442145984;0;0;0;0;0.0218725916293619;0.0786672714652754;0;0;0;0;0;0;0
"CBFA2T2";0.00185112119698284;0.0006316792432927;2.91926510835031e-05;0;0;0.000933745738574216;0;0;0.00230009097856095;0;0;0;0;0.00155843844656829;0.000775913062328392;0.000678115300953058;0.000374973006745961;0
"ZNF695";0.000399618185414022;0;0.00286096683518457;0;0.000948803803537944;0;0;0.002765412673867;0;0.00100717648394822;0;0;0;0.000427989400239545;0;0.00182719376240044;0.000270614463086548;0.00108769431488722
"ZNF169";0.00243867476046848;0.00576545577600498;0;0;0;0;0;0;0;0;0;0;0;0;0;0;0;0
"ATF3";0;0;0;0;0.00499052100197526;0;0;0;0.0100941619369813;0;0.00335505868197404;0.00304047312899504;0.00286710335100055;0.00215934264475574;0.00241152067709078;0;0;0
"NR4A1";0;0;0;0;0.0130794124813016;0.0229201613162644;0;0;0;0;0;0.0147072205316218;0;0;0.0274070980159416;0.0019176969434359;0.0214713536869329;0.00769649842830557
"PER1";0.00223171956946588;0.000569752696016502;0;0;0;0;0;0;0;0;0;0;0;0.000796415798602287;0;0;0;0.00308207629638155
"FOSB";0;0;0;0;0;0;0.000620858014981909;0;0;0.00273544868150343;0.000321636613859622;0.00244622896187208;0;0.00134765523586741;0.00550296820742223;0;0;0
"ZFP36";0;0;0;0;0;0;0.010936346355127;0;0.00190625269514863;0.00484041417829111;0.0028035472979096;0;0;0;0;0.00804564915477455;0;0.0104943504080012
"ZNF700";0;0;0;0.0024202977619353;0;0;0;0;0;0.00161981731161529;0;0;0;0;0;0;0;0.0126427704690122
"ZNF519";0.00390665020502872;0;0;0;0;0;0;0;0;0;0;0;0;0;0;0;0;0
"ZNF354B";0.000587381698419855;0;0;0;0.00132842273049662;0.000861255311974803;0;0;0;0;0;0;0;0.00102594453142242;0;0;0.00124681303073365;0
"ETV7";0.0110867410120886;0.00769349201316181;0;0.0108566250519312;0.00429890399545155;0;0.0183729489439147;0.00812219214031822;0;0;0;0;0;0;0.0148852971550958;0.0479450840402304;0.00889934657026467;0.00363621916590561
"KLF16";0;0;0;0;0;0;0;0;0.0208098813608856;0.0297301555902958;0;0;0;0.0282843757510657;0;0;0;0.0146194316490387
"ETV2";0.00151735895203037;0;0;0;0.0082668942828165;0;0;0;0;0;0;0;0;0;0;0;0;0
"SMARCC1";0;0.00158886855254752;0;0;0;0.00251552836618079;0;0.00189635297737835;0;0;0;0;0;3.88179896482445e-05;8.82838293483334e-05;0;0;0
"NFIC";0;0;0.00213908908917002;0;0.0513143152198062;0;0;0;0.0854940041193643;0.0275850347426928;0;0;0.0261933967629851;0.115764783516085;0;0;0.013376763616789;0
"ZNF708";0;0;0;0;0;0;0;0;0;0;0;0.0136961415775215;0;0;0;0;0;0
"ZNF567";0.00379379307833702;0;0;0;0;0;0;0;0.00140891389165944;0;0;0;0;0;0;0;0;0
"DENND4A";0;0;0;0;0;0;0;0;0;0;0;0;0.0143470319975594;0;0;0;0;0.118696710576074
"ZNF217";0;0;0;0.00375235330358954;0.020583003690188;0;0;0;0.0208795245305678;0;0;0;0.0168408716746058;0;0;0.096025159137907;0;0
"ZHX1";0.00177312698787042;0.0011435823971277;0;0.000570153398275374;0;0;0;0;0;0.00273494042961772;0;0;0;0;0;0;0;0
"TRIM21";0;0;0;0;0;0.00151082418839785;0.00170296981028176;0.00328449164505129;0.00270355385961938;0;0.00118093248853897;0;0;0;0;0;0.000637580301803984;0.00119216828544346
"NFKB1";0;0.000143676357612573;0;0;0;0;0;0;0.00437196031656025;0;0;0;0.00245725510714013;0;0;0;0;0.0183096972357433
"AHR";0;0;0;0;0;0.00173568134868153;0;0;0.00607026647833111;0;0;0;0;0;0;0.0207614222767831;0;0
"JMY";0.00200859453864051;1.30318487723989e-05;0;0;0;0.00149960537927691;0;0;0.00153247153242786;0.00118411164306563;0.00141603953424108;0;0;0.00016599473162605;0;0;0;0
"IRF6";0;0;0;0;0;0.000315361660934187;0;0;0;0;0;0;0;0;0;0;0;0
"BTBD11";0;0;0.000368484841256524;0;0;1.30180892030148e-05;0;0;0;0;3.34778472237479e-06;0;0;0;0.000193143827212471;0;0;0
"HR";0.000657480942015512;0;0;0;0;0;0;0;0;0;0.00296826940927061;0;0;7.24445847273064e-05;0;0;0;0
"BLZF1";0.0103717692525265;0;0;0;0;0;0;0;0;0.0126437759260147;0;0;0;0;0;0;0.00140464253582778;0.00385998936373576
"PGR";0;0;0;0;0;0;0;0;0;0;0;0;0;0;0;0;0;0
"NR3C2";0.000978671473087411;0;0;0.0072870877726874;0.0396070909543688;0.00581653461781673;5.96431450585537e-05;0.00762885697795634;0.0165391407208918;0;0.0059258825996615;0;0;0.00338122828569711;0.0143534725524292;0;0.00115353994951446;0.00794282629737979
"SPIB";0.00573172849321175;0;0.00127696051882114;0.000252897623143489;0.000241882426781573;0;0.00309499129115509;0.00591153035688357;0.000894175214805479;0;0;0;0;0;0.00654753606061263;0.0012141119991728;0.00203625055585705;0.00042229279306655
"KLF12";0.00315031454568951;0.000445899805600514;0.00197939262206812;0;0;0.0017188523186707;0;0;0.00166498409467946;0.00349038472664746;0.0124002457531446;0;9.57765978721983e-05;0;0.000539018318964187;0.00153979097962668;0.00257445209470656;0
"ANKS1A";0;0.000802667361511182;0.00462334944196987;0;0;0.000184949850818878;0;0.00136667414920425;0;0;0;0;0;0.00398327531108723;0.00225048314314843;0.02198730038705;0;0
"FOSL1";0.00019978010292706;0.0286932314359667;0.00798007962619472;0.00574306641710429;0;0;0.00120139474219979;0;0.00611903924258738;0.00670532654602952;0.00586744235412558;0.0319166398140771;0;0.000244369269232773;0;0.0123514385613772;0;0.00180118615703031
"PRDM8";0;0.000239523617765582;0;0.000103891070723915;0.000370635328810829;0.000181579201151074;0.00148490252438534;2.4839509656072e-05;0.00287135333322009;0.000154192361738743;0;0;0;0.000700857992850311;0.00171190940279973;0.0008278301866608;0;0.000816510180177737
"SOX5";0;0.000394198503316294;0;0;0;0;0;0;0;0.00247521611182068;0.00853765551073007;0;0;0.00140739324691443;0;0.00315183253339618;0;0.00242738221339871
"PPARGC1B";0.00100351611424014;0.000588710800421987;0.000985283007527359;0;0.000544553296880226;0.000447300376951552;0.00236263462382114;0.000734268975047722;0.000664383099378478;0.000642166445547124;0.00074789137899483;0;0;0.000355908113808801;0;0.000891537826321471;0;0
"HMGN2";0;0.00124534147771964;0;0;0;0;0.00104624082137799;0;0;0;0;0.136916627239492;0;0;0.0380464793144502;0.0500824399800524;0;0
"ZNF585B";0;0;0.0225600866720369;0;0;0;0;0;0;0;0.177304173534058;0;0;0;0;0;0;0
"NR2F1";0.00186786988404259;0;0;0.00313032067596599;0;0;0.00246293353629958;0;0.0027641669771434;0;0.0247699967460374;0;0.000671324560506777;0.00433647612012663;0.00452785794719741;0.00238492826316541;0.000876444770598242;0
"ZNF20";0;0;0;0;0;0;0;0;0;0;0;0;0;0;0;0;0;0
"ZNF131";0;0;0;0;0;0;0;0;0;0;0;0;0;0;0;0;0;0
"CREB3L1";0;0;0;0;0;0;0;0;0;0;0;0;0;0;0;0;0;0
"HIVEP1";0;0;0.0589149161718623;0;0;0;0;0;0;0;0;0;0.0016563955901433;0;0;0;0.0106334008521507;0.0192255298218589
"CASZ1";0;0;0.00149960756525766;0;0;0;0;0;0;0;0;0;0;0;0.000136487248803273;0.00863259247291397;0.00507896699290879;0
"NFATC2";0;0;0;0.000697129649860726;0.00794443457777447;0;0;0;0;0;0;0.00259755613790357;0;0;0;0;0;0
"ZNF426";0;0;0;0;0;0;0;0;0;0;0;0;0.00529744826044258;0;0;0.168600848463846;0;0.0153547901975292
"MXD3";0;0;0;0;0;0;0.0398275389322847;0.118061224570415;0.013760731802978;0;0;0;0;0;0;0;0;0
"ZNF423";0.0038371003350925;0.00633095658146585;0.00635309347718802;0.0018544371774286;0.00171423530418635;0.00733062503325489;0.00417997301239231;0;0.00409530565479851;0.00214367137833384;0.00198309866636398;0;0;0;0.0106701472325542;0;0;0.00382488435713114
"JUN";0.000383278847672875;0.000198125512661247;0;0;0;0;0;0;0;0;0;0;0;0;0;0;0;0
"FOS";0;0;0;0;0;0;0.0136045876696567;0;0;0;0;0;0;0.00413852092753989;0.00637101788421163;0.00732106590777578;0;0
"PPAN";0;0;0.0613922835688403;0.250193660480593;0.0240653554249855;0.00530960510691974;0;0.0149043530635588;0;0;0;0;0;0.0204284869758651;0;0;0;0
"TEAD2";0;0;0;0.000263278565396421;0.00509256842323113;0.000951615735448879;0.00324755083237997;0;0.00387254718488393;0.000949338497858764;0;0;0;0.000327220573456504;0.000883976922563566;0.00135438879363869;0.00452666346819367;0.00318010242675532
"ZNF23";0;0;0.000501530955291853;0;4.70425143125036e-05;0;0;0;0;0;0;0;0;0.00023122897301559;0;0;0;0
"ZNF302";0.00632235651433704;0;0;0;0;0;0;0;0;0;0;0;0;0;0;0;0;0
"MYEF2";0;0;0.01838627457954;0.0833159416431326;0.00345096914233349;0;0;0;0;0;0;0.174569532770804;0.0346799202461652;0;0;0;0;0
"FAIM3";0;0.00259400555013047;0.00552644607215164;0.00173550447757459;0.00281503065886105;0.00186525859800755;0.00146777308017269;0.000588196107153191;0.0062132335879593;0.00402934078085085;0.00185665824465011;0.00846923970733748;0.000484381375965087;0.00263808057381649;8.32503553739933e-05;0.00277849471494373;0;0.00218714313643342
"SNAI3";0.00752948951941773;0.000679922897626351;0;0.0036697077851248;0;0.0047252518065129;0.00126136501038147;0;0;0.0185717717429641;0.00065089959576716;0;0;0.00693637276789559;0.00904780679578582;0.0179138123575434;0;0.00394294302880059
"BAZ1A";0.0245772993793075;0;0;0;0;0;0;0;0;0.000825894041571018;0;0;0;0;0;0.00399818223638413;0.00871216208629305;0
"SP4";0.000229574824932987;0.00049265901829936;0;0;0.00135268086458313;0.000352958813409237;0;0.000799259539258476;0;0.000139618947556737;0;0;0;0;7.4589122481105e-05;0;0.000131779944092241;0.000611897613475697
"SOX8";0;0.000239766585914656;0;0;0;0;0;0;0;0;0;0;0;0;0;0.000921442210738112;0.000148595330353015;0
"PRDM1";0.0184048546306136;0;0;0;0;0.000586281344920843;0;0;0;0;0;0;0;0.00145452858028598;0;0;0;0
"ZNF138";0;0;0;0;0;0;0;0;0;0;0;0;0;0;0;0;0;0
"ZNF273";0;0;0;0;0;0;0;0;0;0;0;0;0.00409191205499122;0;0;0;0;0.00585772642691384
"ZNF184";0;0;0;0;0;0;0;0;0;0;0;0;0.00696306381229656;0;0;0;0;0
"ANKRD10";0.00151467188856313;0;0;0;0;0;0;0;0.0370415549098988;0;0.00619786417297945;0.020529611037441;0;0;0.0275016595334204;0;0;0.000735272715561174
"POU6F1";0.000497462186810514;0;0;0;0;0.000426003900176903;0;0;0;0;0;0.000119918966806884;0;0;0.000332190578064508;0;0.00013550014847273;0
"FOXA1";0;0;0;0;0;0;0;0;0;0.00138420439803244;0;0;0.00171361625706484;0.00387517055579238;0.000867729449058339;0;0;0
"ZBTB7B";0;0;0;0;0;0;0;0;0;0;0;0;0;0;0;0;0;0
"TFPT";0;0;0;0.00188396082330826;0;0;0;0;0;0;0.0150774546691827;0;0;0;0;0;0;0
"FOXD4";0;0;0;0;0;0.00505304621203254;0.0012103753548223;0;0;0;0.00144280480463558;0;0.00225937040010709;4.90895057124089e-05;0;0.00180231204550523;0;0
"ZNF417";0;0.00662897235394778;0.0539842410392045;0;0;0;0;0;0;0;0;0;0;0;0;0;0;0.0174053935357364
"SNAPC4";0.00142136099994542;0;0;0.00120111481592297;0;0.00245417162189831;0.00670256801084039;0.00243755272004531;0;0.00105044152731751;0.00678384146423427;0.00359128619977956;0.000485796577906726;0;0;0;0;0
"NFIX";0;0.000398845565420236;0;0;0.00110115226593313;0.000634290057447126;0;0.000124099810142564;0;0.000216939931127652;0;0;0;0;0;0.000461667622615226;0;0
"ID4";0.000974886807135009;0;0;0.00315113564772015;0.00475017125877517;0.000396613829454937;0;0.00318550525253116;0;0;0;0.00538246036466102;0.000304245614485447;0;0.000234341267081589;0;0;0.00204714469075912
"SREBF1";0;0.00137716889244758;0.00267465551735867;0;0;0.00316555261471573;0;0.00184175843071547;0;0;0;0.00792608255736786;0;0;0.00361925050354843;0;0;0.000513365360466775
"NFIL3";0;0;0;0;0;0;0.0037976853265503;0;0.00197071286129406;4.42719566834546e-06;0;0;0;0.000147954140611756;0.00160157573092797;0.00121992056904623;0.000117482519727226;0
"BCOR";0;0.00179940329239038;0.001153565730948;0;0;0.00186425562423752;0;0.00186685228662699;0.000791999274843453;0.000589294731049934;0;0.00021468655652103;0;0;0.00106178717988495;0;0;0
"MESP1";0;0;0;0.0042487244336843;0;0.000688733212012647;0.00806751760732922;0.00492363790830271;0.00389081173718828;0.00122296598565304;0;0.00478874367652748;0;0.00113223819069339;0;0.0069742945753598;0.00145956301782099;0
"ERCC6";0;0;0;0;0;0;0;0;0;0;0;0;0.0012714372990117;0;0;0;0.00606187305215174;0
"STAT5A";0;0.000223296256418108;0.00130062704489114;0.000280761210973445;0;0;0;0;0;5.66416201932174e-05;0;0.000690801766235;0;0.000158084217186823;0.00173390701746735;0.000121855151653635;0.000391906614531193;0
"SNAPC3";0;0.00141742067935141;0.000562929846658891;0;0.000813596805272757;0.000722722747844298;0.000925286439945866;0.000542284580855834;0;0.000139611255717752;0;0;0;0;0.000293256011256728;0.000180173207760767;0;0.00136639636375981
"SNAI2";0;0;0;0;0;0;0;0;0;0;0;0;0;0;0.111713753439406;0;0;0
"XRCC3";0.00126648599586962;0;0;0;0;0;0.000223325879223063;0;0;0;0.00140771122537995;0;0;0.000312117654038304;0;0.000560047513786594;0;0.000137426030922316
"VGLL1";0;0;0.0038167907781661;0;0;0.00234785874642824;0;0;0;0;0;0;0;0;0;0;0;0
"ZBTB16";0;0;0;0;0;0;0;0;0;0;0;0;0;0;0;0;0;0
"NFATC4";0;0;0;0;0;0;0;0;0;0;0;0;0;0;0;0;0;0
"SMARCD3";0.00906398506257728;0;0.00753699225223254;0;0;0.00448832956454121;0.00190640179189845;0;0;0.000958017012799981;0.00287462829880689;0;0;0;0.0530754444004263;0.0147952803801077;6.71874872651697e-05;0
"THRA";0.000527382620187698;0.00282318173150594;0.00270954982983624;0.00116710841563943;0.00235989783587426;0.00366232992708401;0.00650723116142027;0.000476813217900636;0.0015841204599356;0;0.00950535449156014;0;0;0;0.00299605727849657;0;0.00418312127691243;0.00236339199176951
"KLF13";0;0;0.000778668905232049;0;0.00487881814738152;0;0;0;0.00394877533348586;0;0;0;0.0373012517594418;0;0;0.00861118568290983;0;0.00572124023089635
"WHSC1L1";0;0.000145430086513285;0;0;0.000725543935116558;0;0;7.74440843248458e-05;0;0.000139605413202933;0;0;0;0;6.53625361285964e-05;0;0.000162335513540009;0
"ZFP2";0.0014572363556936;0.00182273318352071;0.00129617189050695;0.00112344871292107;0;0.00267889752787398;0.00177931370434414;0.0104867255111517;0;0.00601154612838518;0;0;0;0;0.0110035800163352;0;0.00188171304131872;0.00565012160493419
"ZNF550";0.000424977901535463;0;0;0;0;0;0;0;0;0;0;0;0;0;0;0;0;0
"TBX18";0;0.00019441813214888;0.000768290353982118;0.00011158194977474;0;0.000794884960451259;0.00123675887031369;0.00406549565950132;0.00192103889674869;0.00031713024205898;0;0;0;0;0.000318916032645571;0.00128236528612755;0.000452577011884149;0
"GRHL3";0;0;0;0;0;0;0;0;0;0;0;0;0;0;0;0;0;0
"CEBPA";0;0;0;0;0;0;0;0;0;0;0;0;0;0;0;0;0;0.00701106928609065
"ZNF77";0;0;0;0;0;0;0;0;0;0.0205432595025885;0;0;0;0;0.0111867112716694;0;0;0
"ZNF75A";0.00293804329045267;0.00451854338681862;0;0;0.0034061729721857;0;0;0.00218283015626283;0;2.56641162054895e-05;0.00278708747968345;0;0;0;0;0;0;0.00220920354408339
"ZNF580";0;0;0;0;0;0;0;0;0;0;0;0;0;0.153699132670259;0;0;0;0.0205769770776572
"RARB";0;0.00105077059813823;0.00532987652551785;0;0.00949556743961412;0.00146418613236326;0.00893132905891357;0.0124667580991536;0.00216386713816488;0;0.00591258697600409;0.00215317820461965;0;0.00117242708437938;0.0123989220895008;0.000199556285717599;0.00150602228550191;0.00607676544649016
"CREB3L4";0;0;0;0;0;0;0;0.0015053292117084;0;0.00146787093734939;0.00077687512733438;0;0.00227737742944569;0;0.00278067663238425;0;0;0.000845632427034771
"TRIM16";0;0;0.000672021460197804;0.00124505106013013;0;0.0020768702097887;0.00341750490991908;0;0.00396820464896646;0;0.00208796846085968;0;0;0.000534134651249957;0.00658172348774997;0;0;0.00265076222630421
"SPOCD1";0.00332072351448387;0;4.2618261730438e-05;0;0;0;0;0;0;0.00140105218488259;0.00136322684122812;0;0;0.00177709309509754;0;0;0;0.00306942710244512
"BCL3";1.64653839734254e-05;0;0;0.000193820994318604;0;8.70022903162779e-06;0.00034031868894422;0;0.000621767002922051;0;0;0;0;0.000782236829487029;0.00159457666417446;0.00109142442882701;0.00109860106382159;0.000326633530339379
"NCOA1";0.00147779998707923;0.00160995704129117;0.00333961529420623;0.000505383566904927;0.0049682269255514;0;0;0;0.00140953131512208;0.00124310603447912;0.000354002031141956;0.00330083052338039;0;0;0.000100467677280569;0.00438605677454229;0;0.00430622813214254
"ETS2";0.000489957230497691;0;0;0;0;0.00459510670563914;0;0.00579741369662863;0.000711832800461837;0;0;0.124562428404429;0;0;0;0;0;0
"OVOL1";0.00101746006030174;0;0;0;0;0;0.00513266064510583;0;0.00239006277680257;0;0.0017649774613806;0;0.00157834385199111;0.0023643711201217;0.00344683765527541;0;0;0
"ZNF439";0;0;0;0;0;0;0;0;0;0;0;0;0;0;0;0;0;0.0227897933814119
"ZNF491";0.00148994544302215;0;0.00280643359905063;0;0.00221785436262101;0;0.00639484882886874;0.000915274132444152;0;0.00255824265209924;0;0.0165632416791181;0;0;0.00449830004523546;0;0;0
"ZNF709";0;0;0;0;0;0;0;0;0;0;0;0;0;0;0;0;0;0
"ZNF420";0.0131531651280419;0;0;0.00155850609739801;0.00249066572578421;0;0;0;0.00806298676343846;0;0;0;0;0;0;0;0;0
"ZNF44";0.00493587825837531;0;0;0;0.00288302286731769;0;0;0;0;0.000544661643622061;0.00126229478758956;0;0;0;0;0;0;0
"ZNF85";0;0;0;0;0;0;0;0.000212243963281746;0.00172270640116214;0.000332743649512698;0;0;0;0;0;0;0;0
"ZNF93";0;0;0;0;0;0;0;0;0;0;0.00100193202375155;0;0;0.000271673389305941;0;0;0;0
"ZNF433";0;0;0;0;0;0.000713702046464226;0;0;7.66152396448292e-05;0;0;0;0;0;0;0;0;0
"ZNF90";0;0;0;0;0;5.38106663168153e-19;0;0;5.32885580778299e-19;0;0;0;0;0;0;0;0;0
"ZNF43";0;0;0;0;0;0;0;0;0;0;0;0;0;0;0;0;0;0
"ZNF257";0;0;0;0;0;0;0;0;0;0;0.00227152330796682;0;0;0.00132864103957257;0;0;0;0
"ZNF577";0.00129788969938898;0;0;0;0.00353078588782902;0;0.000810616593552883;0;0;0;0;0;0;0.00274546861672413;0;0.00230633384034101;0;0
"ZNF100";0;0;0;0.0047720201070447;0;0;0;0;0;0;0;0.00832358157745321;0;0;0;0;0;0
"ZNF486";0;0;0;0;0;0;0;0;0;0;0;0;0;0.00330798627409369;0;0;0;0
"ZNF610";0;0;0;0;0;0;0;0;0;0;0;0;0;0;0;0;0;0
"ZNF675";0;0;0;0;0.0042292984460255;0;0;0;0;0;0;0;0.00631072813860914;0;0.0201288586862373;0.00420497566310162;0.0123340223677425;0.0209430089823095
"PHF19";0;0;0;0;0;0;0.000125190198253393;9.78281422836742e-05;0.00102344466576768;0;0.000379399416600162;0;0;0;0;0;0;0
"ZFP30";0;0;0;0;0;0;0;0;0;0;0;0.0825508419326017;0;0;0;0;0;0
"ZNF571";0;0.00200339798550969;3.2919525737714e-05;0;0;0;0;0.000748214020585881;0;0;0;0;0;0;0.00606139380026801;0.00742737446981169;0;0
"ZNF177";0;0.000169076328829762;0;0;0.000606059316783022;0.00126494337546449;0.00229712668384794;0;0;0;0;0;0;7.04718865936827e-07;0.000725166098736604;0;0;7.62049552320802e-05
"ZNF568";0.000647831571375866;0.000569377860435313;0;0;0.00112157999469967;0;0.000605267006074165;0;0.00222136264844133;0;0.00389246914271247;0;0;0.00172517200858839;0.000326009691242321;0;0;0
"ZNF615";0.00163533788761657;0;0;0;0.000402887492220684;0;0;0;0.00424325354545976;0;0;0;0;0.00115504210626875;0;0;0;0.000664231711083127
"ZNF540";0.00121062366242384;0;0;0;0;0;0;0;0;0;0;0;0;0;0;0.00155792551465087;0;0
"ZNF235";0.000969816650894595;0.00130043957289998;0.00496431464971294;0.00152349212349908;0.00540000655802493;0.00658367655783881;0.0104941308166185;0.00644039918717657;0.00177426662761612;0.00174975204240322;0;0;0.00024358126365252;0;0.00381067037975202;0.00439552916563006;0.0027075463423006;0
"GTF2IRD1";0.000368782976935603;0.00715933466581499;0.00219355101413509;0;0;0.00300204526424918;0;0.00537552747167257;0.00202796638094976;0.000636761305520515;0;0;0;0;0;0.00048167370010476;0.00527627775540756;0.00034475500180485
"ZNF350";0;0.000292307724037959;0.00387813957836166;0;0.00195318128442482;0.00478117135162985;0;0;0.00400557831465316;0.00554258412277125;0;0.00290951508385381;0;0.00154784893466323;0;0.000329647359650842;0;0.00129796708633596
"ZNF432";0;0.00181962020529393;0;0;4.19719636532068e-05;0;0;0;0.00125681070559582;0.000179968116954213;0.00087428214395947;0.00278027929443053;0;0.000852334287830876;0;0;0;0.00336103450211722
"ZNF222";0.000255085095874181;0;0;0;0;0;0.00167136010217988;0;0;0;0;0;0;0;0.00142482693461865;0;0;0
"ZNF347";0.000833200993897431;0;0;0.00177602848906816;0.00170903764487344;0;0;0;0.00366306831316598;0;0.00592350638837972;0.0193486045783495;0.00132738341197223;0;0;0.0123531193145103;0;0.00316932309199765
"ZNF626";0;0.0106415826855165;0.00952361997814131;0;0.00360607812363619;0.00286043851921573;0.0084934791381654;0;0.00462681661798415;0.014871635644408;0;7.99657762209506e-05;0.00227721697119894;0;9.2735735178956e-05;0;0;0
"ZNF429";0.0013606548010262;0;0;0;0;0;0;0;0;0;0;0;0;0;0;0;0;0
"ZNF83";0.000338350104976109;0;0;0;0;0.000440842677413216;0.00137981652231146;0;0;0;0;0;0;0.000741743279051825;0.00155909104907478;0;0;0
"ZNF358";0.00389160286838903;0;0;0.00122342570855424;0;0.00301137334775916;0.00392459982768282;0;0.00364436696281331;0.00340324730243618;0;0;0.00145779753798001;0;0;0.00331424789781858;0.00345467209385921;0
"ZNF582";0.000967761611107789;0;0.000747047799648997;0.00188824099602878;0.0018019891112546;0.000826870759843637;0.00168885926228984;0;0;0;0.00183627424278817;0.000612015645622853;0;0.000489934337321498;0.000964569208833389;0.00131388852765737;0;3.48284650780396e-05
"ZFP28";0.00208573776983795;0;0;0;0;0;0.0106212301666784;0;0;0;0;0;0;0;0.00858522393126226;0;0;0.00967194851185896
"ZNF471";0.00352889480644107;0;0.00430665825080236;0;0;0;0;0;0;0;0;0.00253155083009057;0;0;0.00352760071253452;0;0;0.00158449108543448
"ZNF677";1.41524364210301e-07;0;6.9630745062613e-07;8.07596002386987e-18;3.58581000718535e-05;2.18863106411157e-18;1.20233258468164e-08;0;0;0;7.0427447994989e-18;0;0;1.7387792813548e-18;0;1.10658760198557e-18;0;0
"ZNF135";0.00376311933060908;0;0;0.000873272614934566;0.00214701839778986;0;0.00324192548104765;0;0;0;0;0;0;0;0;0.00845234405114831;0;0
"ZNF71";0;0;0.00206402687206237;0;0;0;0.00135408646917013;0;0;0;0;0;0;0;0.000409784716498687;0.000854005157318796;0;0
"ZNF304";0.00357891631563834;0;0;0.000433437288942196;0;0;0;0;0.0126346091259954;0;0;0;0;0;0;0;0;0
"ZNF134";0;0;0.00136847797926572;0;0.00542739238912127;0;0.0107507145298206;0;0.00348420646456292;0;0.00231149755416951;0;0.0020857401414914;0.00368811363485931;0;0;0;0
"ZNF416";0;0;0.00330109992230373;0;0.00399054386023483;0;0.00389824377686107;0;0;0;0.00287624882166638;0;0.00155826556125696;0.000971493344892799;0;0;0;0
"ZNF418";0.0023386188074278;0;0.01104489782933;0;0;0;0;0.0234912314325612;0;0;0.00650765960410639;0;0;0;0.0134241759064649;0.00458742755417498;0;0
"ZNF264";0.0101059339878261;0;0;0.00549233248748452;0;0;0;0;0.0106465350779616;0;0;0;0;0;0;0;0;0
"ZNF547";0;0;0;0;0;0;0.0048666003680948;0.00537257203149842;0.000512367552474778;0;0;0;0;0.016230876205858;0;0.00362490720156853;0.00263916951849374;0.00315541106580349
"TRERF1";0.00481725190953211;0.00551774017563293;0.00263393246586718;0.00145973000815775;0.00226130305025017;0.0111064360237538;0;0;0;0.0028400240985502;0.00203153465011469;0.002236796414145;0;0.00231827625794566;0.000542223186840815;0;0;0
"THAP7";0;0;0;0;0;0.00491549354061773;0;0;0;0;0;0;0;0;0;0;0.00352530062912517;0
"HIC2";0.000451604381738502;0.00114310530568424;0;0.00205723009360186;0.0117119416200942;0.00426192290126143;0;0.00410474840539788;0;0.00149770773303438;0;0;0;0.00347572485002773;0.00525240992719258;0;0.00281680639140593;0
"NAP1L2";0.00342149818364438;0.00133321345160179;0.00131098522933569;0.00179572058901484;0;0.000934997138477404;0.00494038670858401;0.00840823515143599;0;0.00128360395286081;0;0;0.00837902519451617;0.00149211775737306;0;0;0.00257606777651992;0.00189625026000775
"TCEAL1";0;0.00232794221842186;0.00140611952826585;0;0;0;0.000821676660157722;0.00448198180147514;0;0;0;0;0.000373700629954133;0;0.00323434915110387;0;0;0.00118545850585715
"PHF6";0;0;0;0.00217030042840297;0.000224248385565307;0;0;0;0;0;0;0;0.00227649397734777;0;0;0.00837143691123951;0;0
"IRX3";0.00587073384848938;0;0;0;0.00601215464130847;0;0.00712351059690323;0;0.00686236730583575;0.00594770030177308;0.00575188421251115;0;0.00441426056641382;0;0.00399294391370678;0.0141714449550219;0.00101710189700336;0
"MAFB";0;0;0;0;0;0.00201376958549174;0;0.00121657102398942;0;0;0;0;0;0;0;0;6.15606310078285e-05;0
"ZNF670";0.000961033762446681;0;0.000462229202012289;0.000220575983752894;0.000348813065507459;0.000522470943300366;0;0.000450727339211786;2.90254676466057e-05;0.00064208029508671;0.00073677734878174;0.00142500228556724;0;0.000425437664989216;0;0;0;0
"HOXD11";0;0;0;0;0;0.00579180260030266;0.00328111923483643;0.00161726618500922;0;0;0;0;0.000196978678021776;0;0;0.00130188057650095;0;0
"HOXD9";0;0.000720295359124402;0.000552063244790494;0;0;0;0.00183644240928538;0.000503095081373638;0;0;0;0;0;0;0;0;0;0
"HOXD10";0;0;0.000924357344737858;0.00170947619400606;0;0;0.00575090706145588;0.000437722868031647;0;0;0;0;0;0;0;0.0026038994363285;0;0
"HOXD13";0;0.00105579467195697;0;0;0;0.00116453494327443;0;0.0016905562346018;0;0;0;0;5.71829963226981e-05;0;0;6.91834070368227e-05;0;0
"HOXD1";0.000589611081914424;0.00217188296445685;0;0;0;0;0.00227457767178849;0;0.000325058472895083;0;0.00071726708174925;0;0;0;0;0.00324120782641729;0;0
"HOXD4";0.000925490239784834;0;0.0063138257084446;0;0;0;0.000813160577482813;0.000193639850091485;0.00356341263627094;0;0;0;0;0;0.011218446550422;0;0;0
"HOXD3";0.00765399369304143;0.00340936787914796;0.00311638560532916;0;0;0.000562078278736689;0.0103122426166837;0;0.00422467424484886;0;0.000508113892476065;0;0;0;0.00619399113125651;0.00405068887492105;0;0
"HOXA3";0.00484487591855405;0.00326001385437217;0.00291498071741648;0;0;0.00569149896845021;0;0.00162846170881092;0.00488871849237062;0;0;0;0;0.00175771644573982;0.00480711281789735;0;0.00267410606487491;0.00411535040128215
"HOXA4";4.51693309908477e-05;0;0;0;0;0;0;0;0;0;0;0;0;0.000238519491274273;0.000494640440553084;0;0;0
"HOXA5";0.00157890858426658;0.00481563457577765;0.0032380514233261;0;0.000174219783880808;0.0083205024436867;0;0.00386276833380577;0.00421377332461892;0;0;0;0;0.00336731113437392;0.00348331339110652;0;0.00158011823165075;0.00372387259700362
"HOXA2";0;0;0;0;0;0;0;0;0;0;0;0;0;1.07479969014485e-07;0;0;0;0
"HOXA6";0;0;0;0;0;0;0;0.000192795959322148;0;0;0;0;0;0;0.000936014363041393;0;0;0
"HOXA11";0.0025305489969878;0;0;0;0;0;0;0;0.0026855076042058;0;0.000869347855264309;0.00475251292865469;0;0.00028807637055829;0.00326633183538356;0;0;0
"HOXA7";0;0;0;0;0;0.000726715906598075;0;0.000857157184040987;0;0;0;0;0;0;0;0;0;0.00230035239242057
"HOXA9";0.000276118688888126;0.00204596921068184;0.000288574756426146;0;0;0.000242751987211482;0.00541607371964739;0;0.00258061744483956;0;0.00196281073884004;0;2.04959815453843e-06;0;0.000784127374560718;0;0;0.00184767426693145
"ZNF558";0;0;0;0;0.000196424346481948;0.00114029612221454;0;0;0;0;0;0;0;0;0;0;0;0
"DLX5";0.00350399024210925;0.000727126145574149;0.000590613836759591;0;0;0;0;0;0.0023203832672582;0.00150379330600803;0.000705626972551376;0.00152281683750389;0;0;0.00402440755190682;0.00251340188339543;0;0
"MLLT6";0;0;0.0012888166651661;0.00225914227679902;0;0;0.000404916244417157;0.000841725971486394;0.000757404455288676;0;0;0.00214704537934563;0;0;0;0.000771348187778617;0.000756729232813865;0
"FOXD4L1";0;0.00298978819822043;0;0;0;0.00196564743135654;0.00161993976558368;0;7.69713353574964e-05;0.000502484982790746;0;0;0.00396084209204149;0;7.23008130183148e-05;0.00210739925885859;0;0.00176862972887189
"NFKBIE";0.00110655325293788;0;0.00381008527756487;0.000956301654741186;0;0;0;0;0;0.00290026139784263;0.00151094107645857;0.00872275684897382;0;0;0;0.00266132048641052;0.00169959950671846;0
"ZNF215";0;0.00130587912221078;0.00150518770909484;0;0.00493396120538226;0.00192248276542114;0.00352226662085177;0;0.000571844339562958;0.000432652201376082;0;0;0.000820326315391046;0;0;0.00249302525899583;0.00193178718339372;0
"HOXC9";0;0.00844459922872746;0.0002500097063132;0.00332364614345751;0.00211753853597068;0;0.00252937612464068;0;0.00286058052435549;0;0;0.000548196565793923;0.00173517365688364;0.000402453176434253;0;0;0;0.0049503853179199
"HOXC6";0;0;0;0.000531583408398687;0.00171442607606705;0;0.00238372631276011;0;0.00389759419552323;0;0;3.3677611150554e-05;0.00180206032092304;0.000962237270423281;0;0;0;0.00436618232383103
"ZNF140";0;0;0;0;0;0.00214328895650565;0;0;0;0;0.000541077222299756;0.00281717462959725;0;0;0;0;0;0
"HIF1A";0.00245770590956369;0.000223559443821248;0;0.00428212040730886;0.000129293393862804;0.00193023999951059;0.00169696614744612;0;0;0.0015329421980445;0.00129368253461786;0.00258971286334606;0.00185527412461628;0.00145834762389356;0;0.00132421693334751;0;0.00441013132205747
"MESP2";0;0.00622868220128456;0.000694977779718516;0.00205049914598089;0;0.00192052270922606;0.00439881939274349;0.00275757127047638;0.0031564818923253;0;0;0;0;0.00123601041761111;0;0.00176972857871017;0.00208701064205382;0.00114485186950254
"DMAP1";0;0;0;0;0.00133402036590647;0;0;0.00101528655321786;0.00159900704868029;0;0.000180114680845834;0;0;0;0;0.000480233531155388;0.00061694885303248;0
"IRX5";0.00147812749985144;0;0;0.000487690549235789;0.00245814773572361;0;0;0.00151594826419725;0.00281469860938168;0;0;0;0.000475920695831635;0;0.00309590696774916;0;0.00186437452826498;0
"ZNF19";0;0;0;0;0;0.00220500167654223;0.000337537751764909;0.000188465152704062;0;0.00566121261079626;0.00215460947821006;0;0;0;0;0.00101790581906957;0;0.00167305986898993
"HOXB7";0.00300985731939302;0;0.000767603136177893;0.00133009665640692;0;0;0;0;0.000378023744887553;0.00185423806318582;0;0.00230933768538759;0;0;0;0;0;0.00252125969942563
"HOXB4";8.18154705561283e-05;0.000115952705209759;0.00133465585896353;0;0;0;0;0;0.000491437716415889;0;0;0.000458802750256132;0;0;0.00171197367695581;0.000740474832362462;0;0.000764676477209049
"HOXB5";0;0.00128676136037059;0.00157396672103492;0;0;0;0;0.00364307806542044;0.00318922946419275;0;0.00130027501493258;0;0;0;0;0;0;0
"HOXB6";0;0.00131196636462841;0.00154232830729553;0;0;0;0;0.00346619569432858;0.00306422032170329;0;0.00113876821767728;0;0;0;0;0;0;0
"HOXB8";0.000983452182040972;0;0.00102549985513453;0;0;0;0;0;0;0;0;0.00362083784826099;0;0;0;0.00192175427550185;0;0.00194409444475709
"HOXB2";0;0;0;0;0;0;0;0;0;9.28051662943344e-19;0;0;0;0;0;0;0;0
"HOXB3";0;0.000972563388397502;0.00135936878203115;0;0;0;0;0.00202943036181964;0.00149257347170085;0;0.00141077653737023;0;0;0;0.000947311416215212;0;0;0
"HOXB9";0;0.000230835935112803;0;0;0;0;0;0.000726418642618719;0.000942090133461462;9.26462785949642e-05;0.000375556937871405;0;0;0;0;0;0.00120978972781331;3.6707895852344e-05
"ZBTB34";0.000275249951910833;0;0;0;0.00059903221399639;0.000532356303291177;0.000305121911587076;0.000986249481412764;1.84624219912026e-05;0;0.000515999108322485;0;0;0;0;0.000891575193945641;0;0
"TCEA2";0;0;0;0.00631775675890755;0;0;0;0;0.00577245667678197;0;0;0;0;0;0;0.00600072466937159;0.0045571077756965;0.00286572010082721
"ZNF250";0;0;0;0.00880711154636499;0;0;0;0;0;0;0.0017306762785429;0.107066801288436;0;0;0;0;0;0
"ZNF557";0;0;0;0.0100684603323097;0;0;0;0;0;0;0;0;0;0;0;0;0;0
"ZNF254";0;0.000252219829409863;0;0;0.00125979926213144;0;0;0;0;0.000555050154121447;0.000967513253148864;0;0;0.000627294824817357;0;0;0;0
"ZNF546";0.000792884996286744;0;0.00109031118542563;0.000272301077025311;0;0;0;0;0.000584372015039935;0;0.000752875837458852;0;0;0;0;0;0;0
"ZNF570";0;0.000290501264433875;0;0;0.000457451715265931;0.000558775572071511;0.00181612395015616;0.000931636908152417;0;0;0;0;0;0.000679330510807098;0.000395530621574967;1.30035607423461e-05;0;0.00068293484161578
"ZNF585A";0.000892397438726151;0;0;0.00022560474199065;0.000789067539831458;0.00091236092314391;0;0;0.00310700391940834;0.000717325718376286;0;0.00223026551602522;0;0;0;0.000506809070931693;0;0
"ZNF559";0;8.03371937096491e-19;0;0;1.40687634826107e-07;8.38482817260976e-07;7.45294319529962e-18;4.72060713986673e-18;0;0;0;0;0;0;1.36792813694103e-18;0;0;1.49055907239493e-18
"ZNF573";0;5.34362734546969e-06;0;0;0;0.000128750365301574;0;0.000307874838991793;0;0;0;0;0;0;0;0.00205599445878794;0;0
"ZNF45";0;0;0;0;0.00344102478824446;0.00363819260992892;0.0148006793738289;0;0;0;0;0;0;0.00730914055083401;0;0.000896864238962198;0;0
"ZNF221";0;0;0;0;0;0;0;0;0;0.000428376861874947;0;0;0;0.000695006328628462;0;0;0;0.000455391512583406
"ZNF160";0;0;0;0;0;0;0;0;0;0;0;0;0;0;0.000121103163480652;0;0;0
"ZNF283";0.000647615617052711;0;0;7.51625372945015e-05;0;0;0.00137457436393612;0.000800175960879121;0.0012126259111817;0;0;0;0;0;0.00101549102034954;0.000252726941290344;4.06600819123776e-05;0
"NFKB2";0;0;0;0;0.000823130046106245;8.66758675344614e-05;0;0;0;0;0;0;0;0.00113715277376541;0.00230824771030057;0;0;0.00134087902493796
"ZNF649";0.00133551116587608;0;0;0;0.00380098352139104;0;0.00313423127345623;0;0.000358538616331012;0;0;0;0;0.000637388853648866;0;0.00196786426726685;0.000627543578178756;0
"ZNF549";0;0;0;0;0;0;0.000217733560877762;0.000277927539393617;0;0;0;0;0;0;0;0.00114548364030399;0.00010093430038842;0
"ZNF671";0.00669595817649089;0.000957461182554759;0;0;0.00414229290644009;0.0018989874877909;0;0.00272468263448061;0;0.00056484418398431;0;0;0;0.00175735921626638;0.00488325677949585;0.000836556448026829;0.00177061455108218;0.00145265801639428
"ZNF274";9.72522824313327e-05;0;0;0.00017214697448907;0;0;0.0022371273843182;0;0;0;0;0;0;0;0;0;0;0.00112445981987982
"ZKSCAN3";0;0.000103013083843497;0;0;0;0;0;0.000603409210973199;0;0.000139528839525093;0;0;0;0;0;0;0;0
"PHF17";0;0;0;0;0;0;0;0;0;0;0;0;0;0;0;0;0;0
"MYBL1";0.000899154976829125;0;0;0;0;0.00171060403389151;0;0;0;0;0.00830655893906172;0;0;0.000727122443531769;0;0;0;0
"SHOX2";0;0;0;0;0;0.00361374316268687;0;0;0;0;0;0;0;0;0.0003646249169925;0;0;0
"SMARCA2";0;0.000508255802972204;0.00011655094129177;6.44072261860617e-05;0.000837248294134249;0.000743801638082287;0.000510130051597459;0.0012844653871868;0.000949977163734733;0.000640597289602164;0.00074924820648518;0.00111674181066233;0;0.000585880673337758;0.000199499953682963;0.000289291483566812;0;0.00133239424508635
"HIPK2";0;0;0.000792448598569507;0;0;0;0;0;0;0;0.000983485129911341;0;0.00730512648318103;0;0.00393230390580175;0;0;0.00624818449674378
"POLR1E";2.57700682251044e-05;1.942372614353e-05;2.22280604938545e-05;0;0;2.46950652128598e-05;0;2.41026179772576e-05;3.29920729283717e-05;6.38228439980224e-07;0;0;0;0;0;2.92975010361201e-05;1.10001142897141e-05;9.35330203715035e-08
"PGBD1";0;0;0;0;0;0;0;0;0;0.00380638269979274;0;0;0;0;0;0;0;0
"KCNIP3";0;0;0;0;0;0;0;0;0;2.38180668611407e-16;0;0;0;0;0;0;0;0
